-- Adminer 3.5.1 MySQL dump

SET NAMES utf8;
SET foreign_key_checks = 0;
SET time_zone = 'SYSTEM';
SET sql_mode = 'NO_AUTO_VALUE_ON_ZERO';

DROP TABLE IF EXISTS `edge`;
CREATE TABLE `edge` (
  `from_id` int(10) unsigned NOT NULL DEFAULT '0',
  `to_id` int(10) unsigned NOT NULL DEFAULT '0',
  `id` int(10) unsigned NOT NULL DEFAULT '0',
  PRIMARY KEY (`id`),
  UNIQUE KEY `Index_2` (`from_id`,`to_id`) USING HASH,
  KEY `FK_edge_2` (`to_id`),
  CONSTRAINT `FK_edge_1` FOREIGN KEY (`from_id`) REFERENCES `node` (`id`),
  CONSTRAINT `FK_edge_2` FOREIGN KEY (`to_id`) REFERENCES `node` (`id`)
) ENGINE=InnoDB DEFAULT CHARSET=latin1;

INSERT INTO `edge` (`from_id`, `to_id`, `id`) VALUES
(0,	8,	0),
(1,	7,	1),
(2,	2007,	2),
(3,	13,	3),
(4,	14,	4),
(5,	2006,	5),
(6,	12,	6),
(6,	13,	7),
(7,	11,	8),
(7,	12,	10),
(7,	2007,	9),
(8,	11,	11),
(8,	2394,	12),
(9,	10,	13),
(10,	20,	17),
(10,	21,	16),
(10,	22,	14),
(10,	2394,	15),
(11,	12,	18),
(11,	2394,	19),
(12,	13,	20),
(12,	18,	22),
(12,	19,	21),
(13,	17,	25),
(13,	18,	24),
(13,	2006,	23),
(14,	16,	28),
(14,	17,	26),
(14,	1732,	29),
(14,	1733,	27),
(15,	16,	30),
(16,	1733,	31),
(16,	1764,	32),
(16,	1765,	33),
(17,	18,	36),
(17,	1731,	38),
(17,	1732,	37),
(17,	2004,	35),
(17,	2006,	34),
(18,	19,	39),
(18,	2004,	40),
(19,	20,	42),
(19,	2005,	43),
(19,	2394,	41),
(20,	21,	45),
(20,	26,	44),
(20,	2005,	47),
(20,	2394,	46),
(21,	24,	48),
(21,	25,	49),
(21,	26,	50),
(22,	23,	51),
(24,	25,	54),
(24,	30,	53),
(24,	31,	52),
(25,	26,	56),
(25,	28,	57),
(25,	30,	55),
(26,	27,	59),
(26,	28,	60),
(26,	2005,	58),
(27,	28,	63),
(27,	1728,	64),
(27,	1729,	61),
(27,	2005,	62),
(28,	29,	65),
(28,	30,	67),
(28,	1727,	69),
(28,	1728,	68),
(28,	2396,	66),
(29,	30,	70),
(29,	36,	72),
(29,	37,	73),
(29,	2396,	71),
(30,	31,	74),
(30,	36,	75),
(31,	32,	76),
(31,	35,	77),
(32,	33,	78),
(34,	35,	79),
(35,	38,	80),
(36,	37,	81),
(36,	38,	82),
(37,	38,	84),
(37,	1724,	85),
(37,	1725,	86),
(37,	2396,	83),
(38,	39,	88),
(38,	40,	87),
(38,	1724,	89),
(39,	40,	90),
(39,	44,	91),
(39,	45,	93),
(39,	1723,	94),
(39,	1724,	92),
(40,	41,	95),
(40,	44,	96),
(41,	42,	97),
(43,	44,	98),
(44,	45,	101),
(44,	50,	100),
(44,	51,	99),
(45,	46,	105),
(45,	49,	103),
(45,	50,	102),
(45,	1723,	104),
(46,	47,	109),
(46,	49,	107),
(46,	1722,	108),
(46,	1723,	106),
(47,	48,	111),
(47,	1720,	112),
(47,	1721,	113),
(47,	1722,	110),
(48,	49,	114),
(48,	58,	115),
(48,	1718,	117),
(48,	1719,	118),
(48,	1720,	116),
(49,	50,	119),
(49,	57,	120),
(49,	58,	121),
(50,	51,	122),
(50,	55,	123),
(50,	56,	124),
(50,	57,	125),
(51,	52,	127),
(51,	55,	126),
(52,	53,	128),
(54,	55,	129),
(55,	56,	130),
(56,	57,	132),
(56,	60,	134),
(56,	61,	133),
(56,	62,	131),
(57,	58,	135),
(57,	60,	136),
(58,	59,	139),
(58,	60,	138),
(58,	1719,	137),
(59,	60,	141),
(59,	1708,	142),
(59,	1709,	140),
(60,	61,	143),
(60,	67,	144),
(60,	68,	146),
(60,	1708,	145),
(61,	62,	147),
(61,	66,	148),
(61,	67,	149),
(62,	63,	150),
(62,	66,	151),
(64,	65,	152),
(65,	66,	153),
(66,	67,	155),
(66,	72,	156),
(66,	73,	154),
(67,	68,	157),
(67,	72,	158),
(68,	69,	159),
(68,	2409,	160),
(69,	70,	162),
(69,	1688,	163),
(69,	1708,	161),
(70,	1677,	166),
(70,	1687,	165),
(70,	1688,	164),
(70,	2409,	167),
(71,	72,	169),
(71,	78,	172),
(71,	79,	171),
(71,	1677,	170),
(71,	2409,	168),
(72,	73,	173),
(72,	77,	175),
(72,	78,	176),
(72,	2409,	174),
(73,	74,	177),
(74,	75,	178),
(76,	85,	179),
(77,	78,	180),
(77,	84,	181),
(78,	79,	182),
(79,	80,	184),
(79,	1677,	183),
(80,	81,	185),
(80,	1676,	186),
(81,	90,	189),
(81,	1675,	188),
(81,	2408,	187),
(82,	83,	190),
(83,	84,	191),
(84,	85,	192),
(86,	87,	193),
(87,	88,	194),
(88,	89,	195),
(88,	96,	196),
(89,	90,	197),
(89,	94,	198),
(90,	91,	199),
(91,	92,	201),
(91,	1665,	202),
(91,	2408,	200),
(92,	93,	204),
(92,	94,	203),
(92,	1664,	205),
(93,	1637,	207),
(93,	1653,	206),
(94,	95,	208),
(94,	1636,	209),
(94,	1637,	210),
(95,	101,	211),
(96,	97,	212),
(96,	100,	213),
(97,	98,	214),
(98,	99,	215),
(98,	100,	216),
(99,	100,	218),
(99,	174,	219),
(99,	2407,	217),
(100,	101,	222),
(100,	102,	220),
(100,	175,	221),
(101,	102,	223),
(101,	1636,	224),
(102,	103,	227),
(102,	104,	229),
(102,	171,	225),
(102,	175,	226),
(102,	2414,	228),
(103,	104,	230),
(104,	105,	234),
(104,	1634,	231),
(104,	1635,	232),
(104,	2414,	233),
(105,	106,	237),
(105,	111,	235),
(105,	112,	236),
(105,	2414,	238),
(106,	107,	241),
(106,	109,	240),
(106,	111,	239),
(106,	1633,	242),
(106,	1634,	243),
(107,	108,	244),
(107,	1633,	245),
(108,	109,	246),
(108,	2415,	247),
(109,	111,	250),
(109,	116,	249),
(109,	117,	248),
(110,	115,	252),
(110,	117,	251),
(110,	121,	253),
(111,	112,	256),
(111,	114,	255),
(111,	116,	254),
(112,	114,	258),
(112,	2414,	257),
(113,	114,	263),
(113,	170,	261),
(113,	171,	260),
(113,	2410,	259),
(113,	2414,	262),
(114,	115,	265),
(114,	116,	266),
(114,	2410,	264),
(115,	116,	268),
(115,	122,	267),
(115,	2410,	269),
(116,	117,	270),
(117,	2411,	271),
(118,	119,	272),
(118,	2411,	273),
(120,	121,	274),
(120,	126,	277),
(120,	128,	276),
(120,	2411,	275),
(121,	122,	280),
(121,	124,	279),
(121,	125,	281),
(121,	2411,	278),
(122,	123,	282),
(122,	124,	285),
(122,	164,	284),
(122,	2410,	283),
(123,	124,	289),
(123,	157,	287),
(123,	163,	288),
(123,	164,	286),
(124,	125,	291),
(124,	133,	292),
(124,	156,	293),
(124,	157,	290),
(125,	126,	294),
(125,	132,	295),
(126,	127,	296),
(126,	128,	297),
(127,	128,	300),
(127,	129,	299),
(127,	130,	298),
(127,	132,	301),
(128,	129,	302),
(129,	1598,	304),
(129,	2314,	303),
(130,	131,	306),
(130,	136,	305),
(130,	1598,	307),
(130,	1599,	308),
(131,	132,	310),
(131,	133,	311),
(131,	135,	309),
(132,	133,	312),
(133,	134,	313),
(133,	135,	315),
(133,	156,	314),
(134,	135,	317),
(134,	149,	319),
(134,	150,	318),
(134,	156,	316),
(135,	138,	320),
(135,	149,	321),
(136,	137,	322),
(136,	1599,	323),
(137,	138,	325),
(137,	1599,	324),
(137,	1600,	327),
(137,	1601,	326),
(138,	139,	329),
(138,	149,	328),
(138,	179,	331),
(138,	1601,	330),
(139,	140,	332),
(139,	148,	334),
(139,	149,	333),
(139,	179,	335),
(140,	141,	336),
(140,	148,	338),
(140,	178,	337),
(140,	179,	339),
(141,	147,	340),
(141,	148,	343),
(141,	177,	341),
(141,	178,	342),
(142,	143,	344),
(142,	146,	345),
(142,	147,	346),
(143,	176,	347),
(144,	146,	348),
(145,	146,	351),
(145,	152,	350),
(145,	153,	349),
(146,	152,	352),
(147,	151,	353),
(147,	152,	354),
(148,	149,	356),
(148,	151,	355),
(149,	150,	357),
(150,	151,	360),
(150,	155,	359),
(150,	2412,	358),
(151,	152,	362),
(151,	155,	361),
(152,	153,	363),
(152,	155,	364),
(153,	154,	365),
(154,	155,	367),
(154,	158,	366),
(155,	2412,	368),
(156,	157,	369),
(156,	2412,	370),
(157,	2412,	371),
(157,	2413,	372),
(158,	161,	373),
(158,	162,	374),
(158,	2412,	375),
(158,	2413,	376),
(159,	160,	377),
(160,	161,	378),
(161,	162,	379),
(162,	163,	382),
(162,	164,	381),
(162,	165,	380),
(163,	164,	383),
(163,	2413,	384),
(164,	165,	386),
(164,	170,	385),
(164,	2410,	387),
(165,	169,	388),
(165,	170,	389),
(166,	168,	391),
(166,	173,	390),
(167,	168,	392),
(168,	174,	393),
(169,	170,	395),
(169,	172,	394),
(170,	171,	397),
(170,	172,	396),
(170,	2410,	398),
(171,	175,	399),
(171,	2414,	400),
(172,	175,	401),
(174,	175,	402),
(177,	178,	405),
(177,	181,	404),
(177,	182,	403),
(178,	179,	407),
(178,	180,	408),
(178,	181,	406),
(179,	180,	410),
(179,	1602,	409),
(179,	1603,	411),
(180,	181,	412),
(180,	186,	413),
(180,	2483,	414),
(181,	182,	417),
(181,	185,	416),
(181,	186,	415),
(182,	183,	419),
(182,	184,	418),
(182,	185,	420),
(184,	190,	421),
(185,	186,	423),
(185,	190,	424),
(185,	2472,	422),
(186,	2472,	425),
(186,	2483,	426),
(187,	188,	428),
(187,	1604,	429),
(187,	1608,	430),
(187,	2472,	431),
(187,	2483,	427),
(188,	189,	436),
(188,	193,	435),
(188,	194,	434),
(188,	1608,	437),
(188,	1610,	433),
(188,	2472,	432),
(189,	190,	440),
(189,	193,	439),
(189,	2472,	438),
(190,	191,	442),
(190,	192,	441),
(192,	193,	446),
(192,	196,	445),
(192,	197,	444),
(192,	198,	443),
(193,	194,	448),
(193,	195,	447),
(194,	1610,	451),
(194,	1611,	450),
(194,	2475,	449),
(195,	196,	453),
(195,	2475,	452),
(196,	197,	455),
(196,	201,	454),
(196,	2474,	457),
(196,	2475,	456),
(197,	198,	458),
(197,	199,	460),
(197,	200,	459),
(198,	199,	461),
(199,	203,	463),
(199,	204,	462),
(200,	201,	465),
(200,	203,	464),
(201,	202,	466),
(201,	203,	467),
(201,	2473,	469),
(201,	2474,	468),
(202,	203,	470),
(202,	2473,	471),
(202,	2478,	472),
(203,	205,	473),
(205,	206,	475),
(205,	207,	474),
(206,	209,	476),
(207,	208,	477),
(209,	210,	478),
(210,	211,	479),
(212,	1631,	480),
(213,	215,	482),
(213,	217,	481),
(214,	215,	483),
(215,	219,	484),
(216,	217,	485),
(217,	218,	488),
(217,	1630,	487),
(217,	1631,	486),
(218,	1489,	492),
(218,	1493,	491),
(218,	1629,	489),
(218,	1630,	490),
(219,	220,	493),
(219,	221,	494),
(219,	223,	495),
(222,	227,	497),
(222,	1488,	496),
(223,	224,	498),
(223,	226,	499),
(224,	225,	500),
(225,	230,	501),
(226,	229,	502),
(227,	228,	503),
(227,	1487,	504),
(229,	234,	505),
(230,	231,	506),
(232,	233,	507),
(233,	234,	508),
(234,	237,	509),
(235,	236,	511),
(235,	1486,	510),
(236,	242,	513),
(236,	2491,	512),
(237,	238,	514),
(238,	239,	515),
(240,	241,	516),
(241,	242,	517),
(243,	244,	519),
(243,	245,	520),
(243,	246,	521),
(243,	1483,	518),
(247,	248,	524),
(247,	1479,	523),
(247,	1483,	522),
(248,	249,	526),
(248,	250,	527),
(248,	1479,	525),
(251,	252,	528),
(251,	2493,	529),
(252,	253,	531),
(252,	257,	532),
(252,	258,	533),
(252,	1473,	530),
(254,	257,	534),
(255,	256,	537),
(255,	258,	535),
(255,	259,	536),
(255,	262,	538),
(256,	262,	539),
(256,	1448,	540),
(257,	258,	541),
(258,	1448,	543),
(258,	2494,	542),
(259,	260,	544),
(259,	262,	545),
(261,	265,	546),
(262,	263,	547),
(262,	265,	548),
(263,	264,	549),
(263,	265,	550),
(264,	1448,	551),
(265,	2499,	552),
(266,	267,	553),
(267,	273,	555),
(267,	2499,	554),
(268,	271,	556),
(268,	2514,	557),
(269,	270,	559),
(269,	2514,	558),
(270,	271,	560),
(270,	1444,	561),
(271,	2392,	562),
(272,	273,	563),
(274,	277,	565),
(274,	2500,	564),
(275,	276,	567),
(275,	2392,	566),
(276,	814,	568),
(278,	279,	570),
(278,	288,	571),
(278,	2500,	569),
(279,	288,	572),
(280,	288,	573),
(281,	282,	576),
(281,	286,	575),
(281,	288,	574),
(282,	283,	577),
(283,	285,	578),
(284,	285,	580),
(284,	2393,	579),
(286,	287,	581),
(288,	290,	582),
(289,	290,	583),
(291,	292,	584),
(292,	295,	586),
(292,	590,	585),
(293,	296,	588),
(293,	297,	589),
(293,	590,	587),
(294,	590,	590),
(297,	302,	591),
(298,	299,	594),
(298,	300,	593),
(298,	587,	592),
(299,	301,	595),
(301,	304,	596),
(303,	304,	598),
(303,	306,	597),
(305,	307,	599),
(305,	569,	600),
(307,	308,	601),
(308,	309,	602),
(309,	310,	603),
(309,	311,	604),
(311,	312,	606),
(311,	314,	605),
(313,	314,	607),
(313,	367,	608),
(314,	315,	609),
(316,	317,	610),
(317,	365,	611),
(318,	319,	612),
(319,	320,	613),
(320,	321,	614),
(321,	322,	615),
(321,	325,	616),
(322,	323,	617),
(322,	345,	618),
(323,	324,	619),
(323,	329,	620),
(324,	328,	621),
(325,	326,	622),
(327,	328,	623),
(329,	330,	624),
(331,	332,	625),
(332,	333,	626),
(332,	334,	627),
(333,	344,	628),
(334,	335,	629),
(334,	336,	630),
(336,	415,	632),
(336,	416,	631),
(337,	338,	634),
(337,	339,	633),
(338,	414,	635),
(339,	340,	636),
(340,	341,	637),
(341,	347,	638),
(342,	347,	639),
(343,	347,	640),
(344,	345,	641),
(346,	347,	642),
(347,	350,	643),
(348,	351,	644),
(349,	351,	645),
(350,	351,	646),
(351,	2388,	647),
(352,	353,	648),
(352,	358,	649),
(352,	359,	650),
(353,	2388,	651),
(354,	355,	652),
(355,	357,	653),
(355,	371,	654),
(355,	2388,	655),
(356,	357,	656),
(359,	360,	657),
(359,	361,	658),
(360,	363,	659),
(361,	362,	660),
(362,	364,	661),
(364,	365,	662),
(366,	367,	663),
(368,	370,	664),
(369,	374,	665),
(370,	374,	666),
(371,	2387,	667),
(372,	373,	668),
(372,	376,	669),
(373,	374,	670),
(375,	2387,	671),
(376,	377,	672),
(377,	378,	673),
(377,	379,	674),
(379,	380,	675),
(380,	381,	676),
(381,	382,	677),
(381,	383,	678),
(383,	385,	679),
(384,	385,	681),
(384,	387,	680),
(384,	541,	682),
(386,	389,	683),
(387,	389,	684),
(387,	418,	686),
(387,	541,	685),
(388,	389,	687),
(388,	417,	688),
(390,	417,	689),
(391,	393,	690),
(391,	417,	691),
(392,	421,	693),
(392,	817,	692),
(394,	395,	695),
(394,	397,	694),
(394,	817,	696),
(396,	397,	698),
(396,	401,	697),
(398,	399,	699),
(399,	400,	700),
(400,	403,	701),
(401,	402,	702),
(402,	403,	704),
(402,	405,	703),
(403,	404,	705),
(405,	406,	706),
(406,	2504,	707),
(407,	2504,	708),
(408,	409,	709),
(409,	411,	710),
(410,	411,	711),
(410,	2505,	712),
(412,	415,	713),
(413,	414,	715),
(413,	415,	714),
(417,	418,	717),
(417,	2506,	716),
(418,	419,	718),
(419,	426,	719),
(420,	421,	720),
(420,	2506,	721),
(422,	424,	722),
(423,	424,	723),
(424,	425,	724),
(424,	430,	725),
(425,	428,	726),
(425,	429,	727),
(426,	428,	728),
(427,	428,	729),
(428,	432,	730),
(431,	432,	731),
(432,	433,	732),
(433,	435,	733),
(434,	435,	734),
(435,	436,	735),
(436,	437,	737),
(436,	441,	736),
(437,	438,	738),
(439,	446,	739),
(440,	441,	742),
(440,	444,	741),
(440,	445,	740),
(441,	442,	743),
(443,	444,	744),
(444,	461,	745),
(445,	446,	749),
(445,	448,	748),
(445,	460,	746),
(445,	2503,	747),
(446,	447,	750),
(448,	450,	751),
(449,	451,	753),
(449,	453,	752),
(449,	457,	754),
(451,	452,	755),
(452,	462,	756),
(453,	463,	757),
(454,	455,	758),
(454,	456,	761),
(454,	463,	760),
(454,	464,	759),
(456,	458,	762),
(457,	2503,	763),
(458,	459,	764),
(459,	2503,	765),
(465,	466,	767),
(465,	493,	768),
(465,	496,	769),
(465,	498,	766),
(466,	474,	771),
(466,	475,	772),
(466,	492,	774),
(466,	493,	773),
(466,	2522,	770),
(467,	468,	778),
(467,	473,	777),
(467,	474,	776),
(467,	2522,	775),
(468,	469,	779),
(468,	473,	781),
(468,	2522,	780),
(469,	470,	782),
(469,	471,	783),
(469,	472,	784),
(469,	473,	785),
(472,	473,	788),
(472,	477,	786),
(472,	478,	787),
(473,	474,	791),
(473,	476,	789),
(473,	477,	790),
(474,	475,	793),
(474,	476,	792),
(475,	476,	795),
(475,	492,	794),
(476,	477,	796),
(476,	481,	797),
(476,	487,	799),
(476,	492,	800),
(476,	2543,	798),
(476,	2545,	801),
(477,	478,	803),
(477,	480,	802),
(477,	2543,	804),
(478,	479,	805),
(478,	480,	806),
(479,	480,	807),
(480,	481,	809),
(480,	2527,	808),
(480,	2543,	810),
(481,	2527,	811),
(481,	2543,	812),
(481,	2545,	813),
(482,	483,	815),
(482,	484,	816),
(482,	2546,	814),
(483,	484,	819),
(483,	592,	818),
(483,	610,	820),
(483,	2544,	817),
(484,	485,	823),
(484,	486,	821),
(484,	610,	824),
(484,	611,	822),
(485,	488,	825),
(485,	611,	826),
(486,	488,	827),
(486,	489,	829),
(486,	2546,	828),
(487,	489,	832),
(487,	492,	830),
(487,	2545,	831),
(488,	489,	833),
(488,	494,	834),
(489,	490,	835),
(489,	494,	837),
(489,	2546,	836),
(490,	491,	841),
(490,	492,	840),
(490,	494,	838),
(490,	495,	839),
(491,	492,	845),
(491,	493,	844),
(491,	495,	843),
(491,	496,	842),
(492,	493,	846),
(494,	495,	847),
(495,	496,	850),
(495,	501,	848),
(495,	502,	849),
(496,	497,	851),
(496,	498,	853),
(496,	501,	852),
(497,	498,	855),
(497,	499,	856),
(497,	500,	857),
(497,	501,	854),
(498,	499,	858),
(499,	500,	860),
(499,	504,	859),
(500,	501,	861),
(500,	504,	862),
(501,	502,	863),
(501,	503,	864),
(501,	504,	865),
(502,	503,	866),
(502,	507,	867),
(503,	504,	869),
(503,	506,	870),
(503,	507,	868),
(504,	505,	871),
(505,	506,	873),
(505,	510,	872),
(506,	508,	875),
(506,	509,	874),
(507,	508,	877),
(507,	2553,	876),
(508,	509,	878),
(508,	512,	880),
(508,	513,	881),
(508,	743,	882),
(508,	2553,	879),
(509,	510,	883),
(509,	512,	884),
(510,	511,	885),
(510,	512,	886),
(511,	512,	889),
(511,	518,	888),
(511,	524,	887),
(512,	513,	891),
(512,	514,	892),
(512,	517,	890),
(513,	514,	893),
(513,	745,	894),
(514,	515,	895),
(514,	517,	896),
(514,	745,	898),
(514,	746,	897),
(515,	516,	899),
(515,	756,	900),
(516,	517,	902),
(516,	519,	901),
(517,	518,	903),
(518,	519,	905),
(518,	520,	904),
(519,	521,	906),
(520,	521,	908),
(520,	523,	907),
(521,	522,	909),
(522,	523,	910),
(522,	525,	912),
(522,	526,	911),
(523,	524,	914),
(523,	525,	913),
(524,	525,	915),
(525,	526,	917),
(525,	528,	916),
(525,	529,	918),
(526,	527,	919),
(526,	528,	920),
(527,	528,	921),
(527,	530,	923),
(527,	539,	922),
(528,	529,	924),
(528,	539,	925),
(528,	541,	926),
(529,	541,	927),
(530,	531,	931),
(530,	533,	930),
(530,	538,	929),
(530,	539,	928),
(530,	2507,	932),
(531,	532,	933),
(532,	533,	934),
(532,	534,	935),
(532,	535,	936),
(533,	534,	938),
(533,	2507,	937),
(534,	535,	939),
(534,	536,	940),
(534,	537,	941),
(535,	537,	942),
(536,	542,	943),
(536,	2513,	944),
(537,	542,	946),
(537,	2511,	945),
(538,	539,	949),
(538,	540,	947),
(538,	2391,	948),
(538,	2507,	950),
(539,	540,	951),
(540,	541,	952),
(542,	544,	953),
(542,	2512,	954),
(543,	546,	955),
(543,	2511,	956),
(544,	546,	957),
(544,	2511,	958),
(544,	2512,	959),
(545,	546,	960),
(546,	547,	962),
(546,	554,	961),
(548,	549,	963),
(548,	550,	965),
(548,	553,	964),
(548,	2510,	966),
(549,	550,	967),
(549,	583,	968),
(549,	779,	969),
(550,	551,	972),
(550,	552,	970),
(550,	553,	974),
(550,	583,	973),
(550,	584,	971),
(551,	552,	976),
(551,	584,	975),
(552,	555,	978),
(552,	556,	977),
(552,	2508,	979),
(553,	554,	980),
(555,	556,	981),
(556,	557,	983),
(556,	559,	982),
(557,	558,	984),
(557,	559,	985),
(558,	559,	987),
(558,	2387,	986),
(559,	560,	988),
(560,	561,	989),
(560,	2390,	990),
(561,	562,	991),
(561,	2389,	992),
(561,	2390,	993),
(562,	563,	994),
(563,	564,	995),
(564,	565,	996),
(565,	566,	997),
(566,	567,	998),
(567,	2502,	999),
(568,	570,	1001),
(568,	2502,	1000),
(569,	570,	1003),
(569,	571,	1002),
(570,	571,	1004),
(572,	573,	1006),
(572,	585,	1005),
(573,	574,	1007),
(574,	575,	1008),
(575,	576,	1009),
(576,	577,	1010),
(577,	578,	1011),
(578,	579,	1012),
(579,	581,	1013),
(580,	581,	1014),
(581,	582,	1015),
(582,	583,	1017),
(582,	584,	1016),
(582,	2539,	1018),
(583,	584,	1019),
(583,	2509,	1020),
(585,	588,	1023),
(585,	2393,	1022),
(585,	2501,	1021),
(586,	591,	1025),
(586,	2501,	1024),
(587,	588,	1026),
(589,	2501,	1027),
(590,	591,	1028),
(592,	593,	1030),
(592,	610,	1031),
(592,	2544,	1029),
(593,	594,	1032),
(593,	609,	1033),
(594,	595,	1034),
(594,	607,	1035),
(595,	596,	1036),
(595,	605,	1038),
(595,	607,	1037),
(596,	597,	1039),
(596,	605,	1040),
(597,	603,	1042),
(597,	2556,	1041),
(598,	1054,	1044),
(598,	1056,	1043),
(599,	600,	1046),
(599,	602,	1047),
(599,	2556,	1045),
(600,	1036,	1048),
(600,	2562,	1049),
(601,	602,	1050),
(601,	618,	1053),
(601,	1037,	1052),
(601,	2562,	1051),
(602,	603,	1054),
(602,	617,	1055),
(602,	618,	1057),
(602,	2556,	1056),
(603,	604,	1058),
(603,	617,	1059),
(604,	605,	1060),
(604,	616,	1061),
(604,	617,	1062),
(605,	606,	1063),
(606,	615,	1064),
(607,	608,	1066),
(607,	614,	1065),
(608,	609,	1067),
(608,	614,	1068),
(609,	610,	1069),
(609,	612,	1070),
(609,	613,	1071),
(611,	612,	1072),
(612,	613,	1074),
(612,	671,	1073),
(613,	614,	1077),
(613,	671,	1076),
(613,	2557,	1075),
(614,	615,	1078),
(614,	623,	1080),
(614,	2557,	1079),
(615,	616,	1081),
(615,	623,	1082),
(616,	622,	1083),
(617,	618,	1084),
(617,	621,	1085),
(617,	622,	1086),
(618,	618,	1087),
(618,	619,	1088),
(618,	621,	1089),
(618,	1037,	1090),
(618,	1042,	1091),
(619,	620,	1092),
(619,	621,	1093),
(619,	1042,	1094),
(620,	621,	1095),
(620,	625,	1096),
(620,	626,	1097),
(620,	1043,	1098),
(621,	622,	1099),
(622,	623,	1100),
(622,	624,	1101),
(623,	2557,	1103),
(623,	2561,	1102),
(624,	630,	1104),
(624,	2561,	1105),
(625,	630,	1106),
(626,	627,	1107),
(626,	1043,	1108),
(626,	1046,	1109),
(627,	628,	1111),
(627,	629,	1110),
(627,	636,	1112),
(627,	1047,	1113),
(628,	629,	1115),
(628,	634,	1114),
(628,	635,	1116),
(628,	636,	1117),
(629,	630,	1118),
(630,	631,	1119),
(630,	634,	1120),
(631,	632,	1122),
(631,	670,	1123),
(631,	2561,	1121),
(632,	633,	1126),
(632,	667,	1125),
(632,	668,	1124),
(632,	670,	1127),
(633,	634,	1130),
(633,	641,	1128),
(633,	667,	1129),
(634,	635,	1132),
(634,	640,	1131),
(635,	638,	1135),
(635,	639,	1134),
(635,	640,	1133),
(636,	637,	1137),
(636,	638,	1136),
(637,	638,	1140),
(637,	1033,	1138),
(637,	1034,	1141),
(637,	1047,	1139),
(638,	1034,	1142),
(639,	646,	1144),
(639,	647,	1143),
(640,	641,	1145),
(640,	645,	1146),
(640,	646,	1147),
(641,	642,	1149),
(641,	643,	1148),
(642,	665,	1152),
(642,	666,	1151),
(642,	667,	1150),
(643,	644,	1154),
(643,	664,	1153),
(644,	645,	1157),
(644,	660,	1155),
(644,	663,	1156),
(645,	646,	1159),
(645,	652,	1158),
(646,	647,	1162),
(646,	651,	1160),
(646,	652,	1161),
(647,	648,	1163),
(648,	649,	1164),
(648,	650,	1165),
(648,	651,	1166),
(649,	650,	1168),
(649,	655,	1167),
(650,	651,	1169),
(650,	654,	1170),
(651,	652,	1172),
(651,	653,	1171),
(652,	653,	1175),
(652,	659,	1173),
(652,	660,	1174),
(653,	654,	1176),
(653,	658,	1177),
(653,	659,	1178),
(654,	655,	1180),
(654,	657,	1179),
(655,	656,	1181),
(656,	2563,	1182),
(656,	2564,	1183),
(657,	658,	1185),
(657,	2563,	1184),
(658,	659,	1187),
(658,	693,	1186),
(659,	660,	1189),
(659,	661,	1188),
(660,	662,	1191),
(660,	663,	1190),
(661,	662,	1192),
(661,	692,	1193),
(662,	663,	1195),
(662,	691,	1194),
(663,	664,	1198),
(663,	682,	1197),
(663,	689,	1196),
(663,	690,	1199),
(664,	665,	1200),
(664,	682,	1201),
(665,	666,	1203),
(665,	681,	1202),
(666,	667,	1205),
(666,	677,	1204),
(667,	668,	1206),
(668,	669,	1208),
(668,	670,	1207),
(669,	672,	1209),
(669,	676,	1211),
(669,	677,	1210),
(670,	672,	1212),
(670,	2557,	1213),
(671,	672,	1216),
(671,	673,	1215),
(671,	2557,	1214),
(672,	673,	1218),
(672,	676,	1217),
(673,	674,	1219),
(673,	676,	1220),
(674,	675,	1221),
(675,	676,	1224),
(675,	677,	1223),
(675,	2560,	1222),
(676,	677,	1225),
(677,	678,	1227),
(677,	679,	1226),
(678,	679,	1228),
(678,	681,	1229),
(679,	680,	1230),
(679,	681,	1231),
(679,	2560,	1232),
(680,	681,	1236),
(680,	683,	1233),
(680,	684,	1234),
(680,	685,	1235),
(681,	683,	1237),
(682,	683,	1239),
(682,	689,	1238),
(683,	684,	1240),
(684,	685,	1241),
(684,	686,	1242),
(684,	687,	1243),
(684,	689,	1244),
(685,	686,	1245),
(686,	687,	1247),
(686,	741,	1246),
(687,	688,	1250),
(687,	719,	1251),
(687,	720,	1249),
(687,	741,	1248),
(688,	689,	1254),
(688,	719,	1252),
(688,	2559,	1253),
(689,	690,	1255),
(689,	2559,	1256),
(690,	691,	1258),
(690,	711,	1257),
(691,	709,	1260),
(691,	710,	1259),
(692,	693,	1262),
(692,	709,	1261),
(693,	694,	1263),
(694,	696,	1265),
(694,	2563,	1264),
(695,	696,	1266),
(695,	708,	1267),
(696,	697,	1269),
(696,	698,	1268),
(696,	2563,	1270),
(697,	698,	1273),
(697,	701,	1274),
(697,	706,	1272),
(697,	708,	1271),
(698,	699,	1275),
(699,	700,	1276),
(699,	2566,	1277),
(700,	701,	1278),
(700,	702,	1279),
(701,	702,	1281),
(701,	703,	1280),
(701,	706,	1282),
(702,	703,	1283),
(702,	2567,	1284),
(703,	705,	1285),
(703,	727,	1287),
(703,	914,	1286),
(704,	705,	1290),
(704,	725,	1289),
(704,	727,	1288),
(705,	706,	1292),
(705,	707,	1293),
(705,	715,	1291),
(706,	707,	1294),
(706,	708,	1295),
(707,	708,	1297),
(707,	709,	1298),
(707,	714,	1296),
(708,	709,	1299),
(710,	711,	1300),
(710,	713,	1302),
(710,	714,	1301),
(711,	712,	1303),
(712,	713,	1305),
(712,	718,	1304),
(713,	714,	1306),
(713,	716,	1307),
(714,	715,	1308),
(714,	716,	1309),
(715,	725,	1310),
(716,	717,	1312),
(716,	724,	1311),
(717,	718,	1315),
(717,	722,	1313),
(717,	724,	1314),
(718,	719,	1317),
(718,	721,	1316),
(719,	721,	1318),
(719,	2559,	1319),
(720,	721,	1321),
(720,	740,	1322),
(720,	741,	1320),
(721,	722,	1325),
(721,	740,	1323),
(721,	2548,	1324),
(722,	723,	1328),
(722,	738,	1326),
(722,	2548,	1327),
(723,	724,	1332),
(723,	734,	1331),
(723,	735,	1330),
(723,	738,	1329),
(724,	725,	1335),
(724,	733,	1334),
(724,	734,	1333),
(725,	726,	1336),
(725,	727,	1338),
(725,	733,	1337),
(726,	727,	1342),
(726,	728,	1341),
(726,	730,	1340),
(726,	733,	1339),
(727,	728,	1343),
(728,	729,	1345),
(728,	853,	1344),
(729,	730,	1346),
(729,	850,	1347),
(729,	853,	1348),
(730,	733,	1349),
(731,	732,	1350),
(731,	852,	1351),
(732,	733,	1353),
(732,	735,	1354),
(732,	736,	1352),
(733,	734,	1355),
(734,	735,	1356),
(735,	737,	1357),
(736,	737,	1359),
(736,	751,	1360),
(736,	754,	1358),
(737,	738,	1362),
(737,	751,	1361),
(738,	739,	1363),
(738,	750,	1364),
(738,	2548,	1365),
(739,	740,	1371),
(739,	742,	1368),
(739,	744,	1367),
(739,	749,	1366),
(739,	750,	1370),
(739,	2548,	1369),
(740,	741,	1373),
(740,	742,	1372),
(740,	2548,	1374),
(741,	742,	1375),
(741,	2553,	1376),
(742,	743,	1377),
(742,	744,	1379),
(742,	2553,	1378),
(743,	744,	1380),
(743,	745,	1381),
(744,	746,	1382),
(744,	748,	1383),
(744,	749,	1384),
(745,	746,	1385),
(746,	747,	1386),
(747,	748,	1388),
(747,	756,	1387),
(748,	752,	1390),
(748,	753,	1389),
(749,	750,	1392),
(749,	752,	1391),
(750,	751,	1393),
(751,	752,	1394),
(752,	753,	1396),
(752,	754,	1395),
(753,	754,	1398),
(753,	755,	1399),
(753,	756,	1397),
(754,	758,	1400),
(755,	756,	1401),
(755,	757,	1402),
(757,	758,	1404),
(757,	759,	1405),
(757,	760,	1403),
(758,	759,	1406),
(759,	760,	1408),
(759,	761,	1407),
(760,	761,	1410),
(760,	762,	1409),
(761,	762,	1411),
(761,	763,	1412),
(762,	763,	1413),
(762,	764,	1414),
(763,	764,	1415),
(763,	765,	1416),
(764,	765,	1417),
(764,	766,	1418),
(765,	766,	1419),
(765,	767,	1420),
(765,	2537,	1421),
(766,	767,	1423),
(766,	768,	1422),
(767,	769,	1424),
(768,	769,	1427),
(768,	770,	1425),
(768,	771,	1426),
(769,	770,	1428),
(769,	2537,	1429),
(770,	771,	1430),
(770,	772,	1431),
(771,	773,	1432),
(772,	773,	1434),
(772,	774,	1433),
(772,	775,	1435),
(773,	774,	1436),
(774,	775,	1437),
(774,	777,	1438),
(775,	776,	1440),
(775,	777,	1439),
(776,	777,	1441),
(776,	786,	1442),
(776,	826,	1443),
(777,	778,	1444),
(777,	786,	1445),
(778,	779,	1446),
(779,	785,	1447),
(779,	786,	1449),
(779,	2509,	1448),
(780,	781,	1451),
(780,	782,	1453),
(780,	783,	1452),
(780,	784,	1454),
(780,	785,	1455),
(780,	2509,	1450),
(781,	782,	1457),
(781,	2509,	1456),
(781,	2523,	1458),
(781,	2539,	1459),
(782,	783,	1462),
(782,	790,	1461),
(782,	791,	1463),
(782,	2523,	1460),
(783,	784,	1467),
(783,	788,	1466),
(783,	789,	1464),
(783,	790,	1465),
(784,	785,	1469),
(784,	787,	1470),
(784,	788,	1468),
(785,	786,	1472),
(785,	787,	1473),
(785,	2509,	1471),
(786,	787,	1475),
(786,	826,	1474),
(787,	788,	1478),
(787,	822,	1479),
(787,	824,	1476),
(787,	826,	1477),
(788,	789,	1480),
(788,	821,	1482),
(788,	822,	1481),
(789,	790,	1483),
(789,	818,	1484),
(789,	821,	1485),
(790,	791,	1486),
(790,	795,	1487),
(790,	818,	1488),
(791,	792,	1492),
(791,	793,	1490),
(791,	794,	1491),
(791,	2523,	1489),
(792,	793,	1493),
(792,	794,	1495),
(792,	2524,	1494),
(793,	2523,	1496),
(794,	795,	1499),
(794,	797,	1498),
(794,	2524,	1497),
(795,	796,	1500),
(796,	797,	1501),
(796,	818,	1503),
(796,	819,	1502),
(797,	798,	1504),
(797,	800,	1505),
(797,	2542,	1506),
(798,	799,	1507),
(798,	819,	1508),
(799,	800,	1510),
(799,	801,	1509),
(799,	2526,	1511),
(800,	801,	1514),
(800,	802,	1512),
(800,	803,	1513),
(800,	2542,	1515),
(801,	802,	1516),
(801,	1428,	1518),
(801,	2526,	1517),
(802,	803,	1519),
(802,	804,	1520),
(803,	804,	1523),
(803,	806,	1521),
(803,	2524,	1522),
(804,	804,	1526),
(804,	805,	1524),
(804,	806,	1525),
(805,	806,	1528),
(805,	807,	1527),
(806,	808,	1529),
(807,	808,	1532),
(807,	809,	1531),
(807,	810,	1530),
(808,	809,	1533),
(809,	811,	1534),
(809,	812,	1535),
(810,	811,	1537),
(810,	2515,	1536),
(811,	811,	1539),
(811,	812,	1538),
(811,	816,	1540),
(812,	813,	1541),
(813,	814,	1542),
(815,	816,	1543),
(815,	1443,	1544),
(818,	821,	1546),
(818,	2541,	1545),
(819,	856,	1549),
(819,	2526,	1547),
(819,	2541,	1548),
(820,	821,	1551),
(820,	823,	1550),
(820,	855,	1553),
(820,	2541,	1552),
(821,	822,	1554),
(822,	823,	1555),
(823,	824,	1557),
(823,	854,	1556),
(823,	855,	1558),
(824,	825,	1560),
(824,	826,	1559),
(825,	826,	1563),
(825,	827,	1562),
(825,	2538,	1561),
(826,	827,	1565),
(826,	828,	1564),
(827,	829,	1566),
(828,	829,	1568),
(828,	830,	1567),
(829,	830,	1570),
(829,	831,	1569),
(829,	912,	1571),
(830,	831,	1573),
(830,	832,	1572),
(830,	833,	1574),
(831,	833,	1575),
(832,	833,	1577),
(832,	834,	1576),
(833,	835,	1578),
(833,	912,	1579),
(834,	835,	1581),
(834,	836,	1580),
(835,	836,	1582),
(835,	837,	1583),
(836,	837,	1586),
(836,	838,	1585),
(836,	2537,	1584),
(837,	838,	1587),
(837,	839,	1588),
(837,	881,	1589),
(838,	840,	1590),
(838,	841,	1591),
(839,	841,	1592),
(840,	840,	1595),
(840,	841,	1593),
(840,	842,	1594),
(840,	844,	1597),
(840,	2525,	1596),
(841,	842,	1598),
(841,	843,	1599),
(842,	843,	1601),
(842,	844,	1600),
(842,	845,	1602),
(843,	845,	1604),
(843,	884,	1603),
(844,	845,	1605),
(844,	846,	1607),
(844,	2525,	1606),
(845,	846,	1608),
(845,	847,	1609),
(846,	847,	1610),
(846,	848,	1611),
(847,	848,	1613),
(847,	849,	1614),
(847,	913,	1612),
(848,	850,	1617),
(848,	2551,	1615),
(848,	2552,	1616),
(849,	850,	1620),
(849,	851,	1619),
(849,	913,	1618),
(850,	851,	1621),
(850,	853,	1623),
(850,	2551,	1622),
(851,	853,	1625),
(851,	913,	1624),
(852,	2551,	1626),
(853,	914,	1627),
(854,	858,	1628),
(854,	2538,	1630),
(854,	2547,	1629),
(855,	856,	1632),
(855,	857,	1631),
(855,	2541,	1633),
(856,	857,	1635),
(856,	861,	1636),
(856,	2526,	1634),
(857,	858,	1639),
(857,	860,	1640),
(857,	861,	1637),
(857,	862,	1638),
(858,	859,	1642),
(858,	860,	1641),
(858,	2547,	1643),
(859,	860,	1647),
(859,	864,	1646),
(859,	865,	1645),
(859,	868,	1648),
(859,	2547,	1644),
(860,	862,	1649),
(860,	864,	1650),
(861,	862,	1653),
(861,	2526,	1652),
(861,	2540,	1651),
(862,	863,	1656),
(862,	2520,	1655),
(862,	2540,	1654),
(863,	864,	1659),
(863,	2520,	1658),
(863,	2521,	1657),
(864,	865,	1660),
(865,	866,	1661),
(865,	867,	1662),
(865,	868,	1663),
(866,	874,	1665),
(866,	2521,	1664),
(866,	2549,	1666),
(867,	868,	1669),
(867,	872,	1668),
(867,	2549,	1667),
(868,	2547,	1670),
(868,	2550,	1671),
(869,	2538,	1672),
(869,	2547,	1673),
(869,	2550,	1674),
(870,	871,	1676),
(870,	878,	1677),
(870,	2550,	1675),
(871,	872,	1678),
(871,	877,	1679),
(872,	873,	1681),
(872,	876,	1682),
(872,	2550,	1680),
(873,	874,	1683),
(873,	875,	1685),
(873,	2549,	1684),
(874,	910,	1687),
(874,	1347,	1686),
(875,	876,	1689),
(875,	911,	1688),
(876,	877,	1690),
(876,	909,	1691),
(877,	878,	1692),
(878,	879,	1693),
(879,	880,	1694),
(879,	909,	1695),
(880,	881,	1696),
(880,	882,	1697),
(881,	882,	1700),
(881,	884,	1699),
(881,	912,	1698),
(882,	883,	1702),
(882,	908,	1701),
(883,	884,	1703),
(883,	905,	1705),
(883,	906,	1704),
(884,	885,	1706),
(885,	886,	1707),
(885,	901,	1710),
(885,	902,	1709),
(885,	906,	1708),
(886,	887,	1712),
(886,	902,	1713),
(886,	913,	1711),
(887,	888,	1715),
(887,	902,	1714),
(888,	889,	1716),
(888,	900,	1717),
(888,	902,	1718),
(889,	890,	1720),
(889,	973,	1721),
(889,	975,	1719),
(890,	900,	1723),
(890,	973,	1725),
(890,	976,	1724),
(890,	2558,	1722),
(891,	892,	1726),
(891,	893,	1730),
(891,	899,	1728),
(891,	915,	1729),
(891,	972,	1731),
(891,	976,	1732),
(891,	2558,	1727),
(892,	893,	1734),
(892,	897,	1733),
(893,	894,	1736),
(893,	896,	1737),
(893,	897,	1735),
(893,	915,	1738),
(894,	895,	1739),
(894,	916,	1741),
(894,	917,	1740),
(895,	896,	1742),
(895,	917,	1744),
(895,	2471,	1743),
(896,	897,	1746),
(896,	898,	1745),
(897,	898,	1749),
(897,	899,	1747),
(897,	903,	1748),
(898,	903,	1750),
(899,	900,	1754),
(899,	901,	1752),
(899,	903,	1751),
(899,	2558,	1753),
(900,	901,	1757),
(900,	902,	1755),
(900,	2558,	1756),
(901,	902,	1758),
(901,	903,	1760),
(901,	906,	1759),
(903,	904,	1761),
(904,	905,	1763),
(904,	906,	1764),
(904,	907,	1762),
(905,	906,	1765),
(905,	907,	1767),
(905,	908,	1766),
(907,	908,	1770),
(907,	910,	1769),
(907,	1336,	1768),
(908,	909,	1771),
(909,	910,	1772),
(909,	911,	1773),
(912,	2538,	1774),
(913,	975,	1775),
(914,	974,	1777),
(914,	975,	1776),
(915,	916,	1778),
(916,	917,	1779),
(916,	918,	1780),
(917,	918,	1783),
(917,	921,	1781),
(917,	2471,	1782),
(918,	921,	1786),
(918,	923,	1784),
(918,	925,	1785),
(918,	926,	1787),
(919,	920,	1790),
(919,	921,	1791),
(919,	1324,	1788),
(919,	2471,	1789),
(920,	922,	1792),
(920,	923,	1793),
(921,	923,	1795),
(921,	2471,	1794),
(922,	923,	1798),
(922,	924,	1797),
(922,	925,	1799),
(922,	1323,	1796),
(923,	925,	1800),
(924,	925,	1802),
(924,	927,	1803),
(924,	928,	1801),
(924,	931,	1804),
(925,	926,	1806),
(925,	927,	1805),
(926,	927,	1807),
(926,	930,	1809),
(926,	932,	1808),
(927,	930,	1811),
(927,	931,	1810),
(928,	929,	1812),
(928,	931,	1813),
(929,	931,	1815),
(929,	934,	1816),
(929,	935,	1814),
(930,	931,	1819),
(930,	932,	1818),
(930,	933,	1821),
(930,	934,	1817),
(930,	939,	1820),
(932,	933,	1822),
(933,	939,	1824),
(933,	940,	1823),
(934,	935,	1826),
(934,	938,	1825),
(935,	936,	1827),
(935,	938,	1828),
(936,	937,	1830),
(936,	938,	1831),
(936,	1317,	1829),
(937,	938,	1835),
(937,	952,	1833),
(937,	1317,	1834),
(937,	2565,	1832),
(938,	939,	1836),
(938,	2565,	1837),
(939,	940,	1838),
(939,	2565,	1839),
(940,	941,	1841),
(940,	949,	1840),
(940,	2565,	1842),
(941,	942,	1843),
(941,	943,	1844),
(941,	944,	1845),
(941,	949,	1846),
(942,	943,	1847),
(943,	944,	1849),
(943,	945,	1848),
(944,	945,	1851),
(944,	949,	1850),
(945,	946,	1853),
(945,	948,	1852),
(946,	947,	1854),
(947,	948,	1856),
(947,	958,	1855),
(947,	959,	1858),
(947,	960,	1857),
(948,	949,	1861),
(948,	950,	1860),
(948,	956,	1862),
(948,	958,	1859),
(949,	950,	1863),
(950,	956,	1864),
(950,	2565,	1865),
(951,	952,	1867),
(951,	953,	1868),
(951,	955,	1869),
(951,	956,	1866),
(952,	953,	1871),
(952,	1317,	1872),
(952,	2565,	1870),
(953,	954,	1874),
(953,	1316,	1875),
(953,	1317,	1873),
(954,	955,	1877),
(954,	985,	1879),
(954,	986,	1878),
(954,	1316,	1880),
(954,	2575,	1876),
(955,	956,	1882),
(955,	986,	1881),
(956,	957,	1883),
(956,	958,	1884),
(957,	959,	1885),
(957,	984,	1886),
(957,	986,	1887),
(958,	959,	1888),
(959,	960,	1889),
(959,	981,	1891),
(959,	2572,	1890),
(960,	961,	1892),
(960,	981,	1893),
(961,	962,	1894),
(961,	978,	1896),
(961,	979,	1895),
(961,	981,	1897),
(962,	963,	1898),
(962,	978,	1899),
(963,	964,	1901),
(963,	965,	1902),
(963,	966,	1900),
(964,	965,	1903),
(964,	978,	1904),
(965,	966,	1907),
(965,	2564,	1905),
(965,	2566,	1906),
(966,	967,	1908),
(966,	968,	1909),
(967,	968,	1910),
(967,	969,	1911),
(968,	969,	1913),
(968,	977,	1912),
(969,	970,	1916),
(969,	971,	1914),
(969,	977,	1915),
(969,	2567,	1917),
(970,	971,	1920),
(970,	972,	1918),
(970,	976,	1919),
(970,	977,	1921),
(971,	973,	1923),
(971,	976,	1922),
(971,	2567,	1924),
(972,	976,	1925),
(973,	974,	1928),
(973,	975,	1926),
(973,	976,	1927),
(974,	975,	1929),
(976,	2558,	1930),
(978,	979,	1932),
(978,	991,	1931),
(979,	980,	1935),
(979,	981,	1934),
(979,	990,	1933),
(980,	981,	1936),
(980,	982,	1939),
(980,	987,	1938),
(980,	988,	1937),
(981,	982,	1940),
(982,	987,	1942),
(982,	1161,	1943),
(982,	1162,	1944),
(982,	2572,	1941),
(983,	984,	1945),
(983,	985,	1947),
(983,	1161,	1946),
(983,	2580,	1948),
(984,	1161,	1950),
(984,	2572,	1949),
(985,	1248,	1951),
(985,	2575,	1952),
(985,	2580,	1953),
(987,	994,	1955),
(987,	995,	1956),
(987,	996,	1957),
(987,	1162,	1954),
(988,	989,	1958),
(988,	994,	1959),
(989,	990,	1960),
(989,	993,	1961),
(990,	991,	1962),
(991,	992,	1964),
(991,	1006,	1963),
(992,	993,	1966),
(992,	1006,	1965),
(993,	994,	1969),
(993,	1003,	1968),
(993,	1004,	1967),
(994,	995,	1970),
(995,	996,	1972),
(995,	1000,	1971),
(996,	997,	1973),
(996,	1158,	1974),
(996,	1160,	1975),
(997,	998,	1977),
(997,	1000,	1976),
(998,	999,	1978),
(998,	1018,	1979),
(999,	1000,	1981),
(999,	1017,	1980),
(1001,	1002,	1983),
(1001,	1016,	1982),
(1002,	1014,	1984),
(1003,	1004,	1986),
(1003,	1014,	1985),
(1004,	1005,	1987),
(1004,	1008,	1988),
(1005,	1006,	1990),
(1005,	1007,	1989),
(1005,	2571,	1991),
(1006,	2571,	1992),
(1007,	1008,	1996),
(1007,	1009,	1995),
(1007,	1010,	1993),
(1007,	2571,	1994),
(1008,	1009,	1997),
(1008,	1013,	1998),
(1008,	1014,	1999),
(1009,	1010,	2000),
(1009,	1011,	2001),
(1009,	1013,	2002),
(1010,	1035,	2003),
(1011,	1012,	2004),
(1011,	1028,	2006),
(1011,	1035,	2005),
(1011,	2573,	2008),
(1011,	2574,	2007),
(1012,	1013,	2009),
(1012,	1024,	2010),
(1013,	1022,	2011),
(1013,	1024,	2012),
(1014,	1015,	2013),
(1015,	1016,	2015),
(1015,	1022,	2014),
(1017,	1019,	2017),
(1017,	1020,	2016),
(1018,	1019,	2018),
(1019,	1020,	2019),
(1019,	1073,	2020),
(1020,	1021,	2021),
(1021,	1022,	2023),
(1021,	1072,	2022),
(1022,	1023,	2024),
(1022,	1072,	2025),
(1023,	1024,	2027),
(1023,	1025,	2026),
(1023,	1070,	2029),
(1023,	1071,	2028),
(1023,	1072,	2030),
(1024,	1025,	2031),
(1024,	2574,	2032),
(1025,	1026,	2033),
(1025,	1069,	2035),
(1025,	1070,	2036),
(1025,	2574,	2034),
(1026,	1027,	2038),
(1026,	1028,	2037),
(1026,	2574,	2039),
(1027,	1029,	2041),
(1027,	1067,	2040),
(1027,	1069,	2042),
(1028,	1029,	2044),
(1028,	2573,	2043),
(1028,	2574,	2045),
(1029,	1030,	2047),
(1029,	2573,	2046),
(1030,	1031,	2050),
(1030,	1048,	2049),
(1030,	1049,	2048),
(1030,	1067,	2051),
(1031,	1032,	2052),
(1031,	1046,	2054),
(1031,	1047,	2055),
(1031,	1048,	2053),
(1032,	1033,	2057),
(1032,	2573,	2056),
(1033,	1034,	2058),
(1033,	1047,	2059),
(1034,	1035,	2060),
(1034,	2573,	2061),
(1035,	2573,	2062),
(1036,	1038,	2063),
(1036,	1040,	2064),
(1036,	2562,	2065),
(1037,	1040,	2066),
(1037,	1041,	2068),
(1037,	1042,	2067),
(1038,	1039,	2070),
(1038,	1055,	2069),
(1039,	1040,	2071),
(1039,	1041,	2074),
(1039,	1052,	2073),
(1039,	1053,	2072),
(1040,	1041,	2076),
(1040,	2562,	2075),
(1041,	1042,	2077),
(1041,	1045,	2078),
(1042,	1043,	2079),
(1042,	1044,	2081),
(1042,	1045,	2080),
(1043,	1044,	2082),
(1044,	1045,	2084),
(1044,	1046,	2083),
(1044,	1050,	2085),
(1045,	1051,	2087),
(1045,	1052,	2086),
(1046,	1047,	2088),
(1048,	1049,	2090),
(1048,	1050,	2089),
(1049,	1050,	2091),
(1049,	1065,	2094),
(1049,	1067,	2093),
(1049,	2569,	2092),
(1050,	1051,	2095),
(1051,	1052,	2098),
(1051,	1062,	2097),
(1051,	1063,	2099),
(1051,	2569,	2096),
(1052,	1062,	2100),
(1053,	1055,	2102),
(1053,	2555,	2101),
(1054,	1055,	2103),
(1054,	2555,	2104),
(1056,	1057,	2105),
(1056,	1061,	2106),
(1056,	2555,	2107),
(1057,	1058,	2108),
(1057,	1061,	2110),
(1057,	1081,	2109),
(1058,	1059,	2111),
(1058,	1082,	2112),
(1058,	1083,	2113),
(1059,	1060,	2114),
(1060,	1083,	2116),
(1060,	1084,	2117),
(1060,	1093,	2115),
(1061,	1062,	2119),
(1061,	1063,	2120),
(1061,	1081,	2118),
(1061,	2555,	2121),
(1062,	1063,	2122),
(1062,	2555,	2123),
(1063,	1064,	2126),
(1063,	1080,	2125),
(1063,	1081,	2127),
(1063,	2569,	2124),
(1064,	1065,	2128),
(1064,	1080,	2130),
(1064,	2568,	2129),
(1065,	1066,	2132),
(1065,	2569,	2131),
(1066,	1067,	2133),
(1066,	1068,	2135),
(1066,	2568,	2134),
(1067,	1068,	2136),
(1068,	1069,	2140),
(1068,	1076,	2141),
(1068,	1077,	2138),
(1068,	1079,	2139),
(1068,	2568,	2137),
(1069,	1070,	2143),
(1069,	1079,	2142),
(1070,	1071,	2145),
(1070,	1079,	2144),
(1071,	1072,	2149),
(1071,	1075,	2148),
(1071,	1079,	2147),
(1071,	2577,	2146),
(1072,	2577,	2150),
(1073,	2554,	2152),
(1073,	2577,	2151),
(1074,	1075,	2155),
(1074,	1089,	2153),
(1074,	2554,	2156),
(1074,	2577,	2154),
(1075,	1076,	2159),
(1075,	1079,	2158),
(1075,	1088,	2160),
(1075,	1089,	2161),
(1075,	2577,	2157),
(1076,	1077,	2163),
(1076,	1079,	2164),
(1076,	1087,	2162),
(1077,	1078,	2165),
(1077,	1087,	2166),
(1078,	1080,	2168),
(1078,	1086,	2170),
(1078,	1087,	2169),
(1078,	2568,	2167),
(1080,	1081,	2172),
(1080,	1086,	2171),
(1081,	1082,	2174),
(1081,	1085,	2173),
(1081,	1086,	2175),
(1082,	1085,	2176),
(1083,	1084,	2178),
(1083,	1085,	2177),
(1084,	1085,	2181),
(1084,	1086,	2184),
(1084,	1087,	2183),
(1084,	1091,	2182),
(1084,	1092,	2179),
(1084,	1093,	2180),
(1085,	1086,	2185),
(1086,	1087,	2186),
(1087,	1088,	2188),
(1087,	1091,	2187),
(1088,	1089,	2190),
(1088,	1090,	2189),
(1089,	1122,	2192),
(1089,	2554,	2191),
(1090,	1091,	2193),
(1090,	1123,	2194),
(1091,	1092,	2195),
(1092,	1092,	2198),
(1092,	1093,	2197),
(1092,	1094,	2196),
(1092,	2581,	2199),
(1093,	1094,	2200),
(1094,	1095,	2201),
(1095,	1096,	2202),
(1095,	1124,	2203),
(1095,	1125,	2204),
(1096,	1097,	2205),
(1096,	1125,	2207),
(1096,	1126,	2206),
(1097,	1098,	2208),
(1097,	1126,	2209),
(1098,	1099,	2210),
(1098,	1126,	2212),
(1098,	1127,	2211),
(1099,	1100,	2213),
(1099,	1127,	2215),
(1099,	1129,	2214),
(1100,	1101,	2216),
(1101,	1102,	2217),
(1101,	1129,	2220),
(1101,	1134,	2219),
(1101,	2582,	2218),
(1102,	1103,	2221),
(1102,	1134,	2222),
(1103,	1104,	2223),
(1103,	1138,	2224),
(1104,	1105,	2225),
(1104,	1139,	2226),
(1105,	1106,	2227),
(1106,	1107,	2228),
(1106,	1139,	2230),
(1106,	2591,	2229),
(1107,	1137,	2234),
(1107,	1139,	2233),
(1107,	1221,	2231),
(1107,	2591,	2232),
(1108,	1109,	2236),
(1108,	1137,	2237),
(1108,	1221,	2235),
(1109,	1110,	2239),
(1109,	1137,	2240),
(1109,	1222,	2241),
(1109,	1247,	2238),
(1110,	1111,	2242),
(1111,	1132,	2243),
(1111,	1136,	2245),
(1111,	2587,	2244),
(1112,	1113,	2247),
(1112,	1132,	2248),
(1112,	1244,	2246),
(1112,	2587,	2249),
(1113,	1114,	2251),
(1113,	2589,	2250),
(1114,	1115,	2252),
(1114,	1132,	2253),
(1115,	1131,	2256),
(1115,	1141,	2255),
(1115,	1143,	2257),
(1115,	2589,	2254),
(1116,	1118,	2260),
(1116,	1128,	2258),
(1116,	1131,	2261),
(1116,	1140,	2259),
(1117,	1118,	2262),
(1117,	1126,	2265),
(1117,	1127,	2263),
(1117,	1128,	2264),
(1118,	1119,	2267),
(1118,	1125,	2266),
(1118,	1128,	2269),
(1118,	1140,	2268),
(1119,	1120,	2271),
(1119,	1124,	2270),
(1120,	1121,	2273),
(1120,	1122,	2272),
(1120,	1124,	2274),
(1121,	1122,	2275),
(1121,	2554,	2276),
(1122,	1123,	2277),
(1123,	1124,	2278),
(1123,	2581,	2279),
(1124,	1125,	2280),
(1124,	2581,	2281),
(1125,	1126,	2282),
(1127,	1128,	2283),
(1127,	1129,	2284),
(1128,	1129,	2285),
(1128,	1130,	2287),
(1128,	1131,	2286),
(1129,	1130,	2288),
(1130,	1131,	2289),
(1130,	1132,	2290),
(1130,	2582,	2291),
(1131,	1132,	2292),
(1132,	1133,	2293),
(1132,	1136,	2294),
(1133,	1135,	2296),
(1133,	2582,	2295),
(1134,	1135,	2297),
(1135,	1136,	2299),
(1135,	1138,	2298),
(1136,	1137,	2300),
(1137,	1138,	2301),
(1138,	1139,	2302),
(1140,	1141,	2303),
(1141,	1142,	2304),
(1142,	1143,	2306),
(1142,	1145,	2305),
(1143,	1144,	2309),
(1143,	1145,	2307),
(1143,	2583,	2310),
(1143,	2589,	2308),
(1144,	1145,	2312),
(1144,	1146,	2311),
(1145,	1148,	2313),
(1146,	1148,	2314),
(1146,	1150,	2317),
(1146,	1151,	2315),
(1146,	2583,	2316),
(1147,	1148,	2320),
(1147,	1149,	2319),
(1147,	1151,	2318),
(1149,	1151,	2323),
(1149,	1152,	2321),
(1149,	1154,	2322),
(1150,	1151,	2326),
(1150,	1152,	2325),
(1150,	1242,	2324),
(1150,	2583,	2327),
(1151,	1152,	2328),
(1152,	1153,	2329),
(1153,	1154,	2331),
(1153,	1155,	2330),
(1153,	1164,	2332),
(1154,	1155,	2334),
(1154,	1158,	2333),
(1155,	1156,	2337),
(1155,	1157,	2335),
(1155,	1158,	2336),
(1156,	1157,	2338),
(1156,	1163,	2339),
(1157,	1158,	2340),
(1157,	1159,	2341),
(1158,	1160,	2342),
(1159,	1160,	2343),
(1159,	1249,	2344),
(1160,	1162,	2345),
(1161,	1162,	2346),
(1163,	1164,	2347),
(1163,	1165,	2348),
(1164,	1165,	2349),
(1164,	1166,	2350),
(1165,	1167,	2351),
(1165,	1168,	2352),
(1166,	1168,	2354),
(1166,	1169,	2353),
(1167,	1168,	2355),
(1167,	1170,	2356),
(1168,	1169,	2357),
(1168,	1170,	2358),
(1169,	1170,	2360),
(1169,	1171,	2359),
(1169,	1238,	2361),
(1170,	1171,	2362),
(1170,	1172,	2363),
(1170,	1173,	2364),
(1171,	1173,	2365),
(1172,	1173,	2366),
(1172,	1174,	2367),
(1174,	1175,	2369),
(1174,	1176,	2368),
(1175,	1176,	2371),
(1175,	1180,	2370),
(1176,	1179,	2372),
(1177,	1178,	2374),
(1177,	1264,	2373),
(1177,	1267,	2375),
(1178,	1262,	2376),
(1179,	1180,	2379),
(1179,	1181,	2380),
(1179,	1182,	2378),
(1179,	1183,	2377),
(1180,	1181,	2381),
(1181,	1182,	2382),
(1182,	1183,	2383),
(1182,	1184,	2384),
(1182,	1185,	2385),
(1182,	1186,	2386),
(1183,	1184,	2387),
(1183,	1268,	2388),
(1184,	1185,	2392),
(1184,	1187,	2391),
(1184,	1268,	2389),
(1184,	1274,	2390),
(1185,	1186,	2394),
(1185,	1188,	2393),
(1186,	1189,	2395),
(1186,	1198,	2396),
(1187,	1275,	2398),
(1187,	2586,	2397),
(1188,	1189,	2401),
(1188,	1192,	2399),
(1188,	2586,	2400),
(1189,	1192,	2403),
(1189,	1197,	2402),
(1190,	1192,	2406),
(1190,	1194,	2404),
(1190,	2586,	2405),
(1191,	1275,	2407),
(1191,	2578,	2408),
(1191,	2586,	2409),
(1192,	1193,	2411),
(1192,	2584,	2410),
(1193,	1194,	2412),
(1193,	1195,	2413),
(1193,	2584,	2414),
(1194,	1277,	2415),
(1194,	2578,	2416),
(1195,	1196,	2417),
(1195,	1201,	2418),
(1195,	2532,	2419),
(1196,	1206,	2421),
(1196,	1216,	2420),
(1196,	2533,	2422),
(1196,	2534,	2423),
(1196,	2536,	2424),
(1197,	1200,	2426),
(1197,	2584,	2425),
(1198,	1199,	2428),
(1198,	1200,	2427),
(1198,	1202,	2429),
(1199,	1202,	2431),
(1199,	1203,	2430),
(1200,	1201,	2432),
(1200,	1202,	2433),
(1201,	1202,	2436),
(1201,	1206,	2434),
(1201,	2531,	2435),
(1202,	1203,	2437),
(1202,	1205,	2438),
(1203,	1204,	2440),
(1203,	1205,	2439),
(1203,	1208,	2441),
(1204,	1208,	2442),
(1205,	1206,	2443),
(1205,	1207,	2445),
(1205,	1208,	2444),
(1206,	1212,	2446),
(1207,	1210,	2448),
(1207,	1211,	2449),
(1207,	1212,	2447),
(1208,	1209,	2450),
(1208,	1210,	2451),
(1209,	1210,	2452),
(1209,	1230,	2453),
(1210,	1227,	2456),
(1210,	1229,	2455),
(1210,	1230,	2454),
(1211,	1213,	2457),
(1211,	1227,	2458),
(1212,	1213,	2459),
(1213,	1214,	2460),
(1213,	2535,	2461),
(1214,	1215,	2462),
(1214,	2592,	2463),
(1215,	1216,	2464),
(1215,	1225,	2465),
(1216,	1217,	2466),
(1216,	1224,	2468),
(1216,	1225,	2467),
(1217,	1218,	2470),
(1217,	1224,	2469),
(1218,	1219,	2471),
(1218,	1224,	2472),
(1219,	1220,	2473),
(1219,	1223,	2474),
(1220,	1221,	2475),
(1220,	1222,	2476),
(1221,	2591,	2477),
(1222,	1223,	2480),
(1222,	1234,	2479),
(1222,	1247,	2478),
(1223,	1224,	2482),
(1223,	1233,	2481),
(1224,	1225,	2483),
(1224,	1233,	2484),
(1225,	1226,	2486),
(1225,	1233,	2485),
(1226,	1227,	2487),
(1227,	1228,	2488),
(1228,	1229,	2490),
(1228,	1232,	2489),
(1229,	1230,	2491),
(1229,	1231,	2493),
(1229,	1232,	2494),
(1229,	1235,	2492),
(1230,	1235,	2495),
(1231,	1232,	2499),
(1231,	1233,	2500),
(1231,	1234,	2498),
(1231,	1235,	2496),
(1231,	2576,	2497),
(1232,	1233,	2501),
(1233,	1234,	2502),
(1234,	2590,	2503),
(1235,	1236,	2505),
(1235,	1237,	2504),
(1236,	1237,	2507),
(1236,	1239,	2506),
(1237,	1238,	2508),
(1237,	1239,	2509),
(1238,	1239,	2511),
(1238,	1241,	2510),
(1240,	1243,	2512),
(1241,	1242,	2513),
(1242,	1243,	2514),
(1242,	2583,	2515),
(1243,	1244,	2517),
(1243,	2588,	2516),
(1244,	1245,	2519),
(1244,	2583,	2518),
(1245,	1246,	2521),
(1245,	2588,	2520),
(1246,	1247,	2523),
(1246,	2587,	2522),
(1247,	2590,	2524),
(1248,	1249,	2526),
(1248,	1254,	2527),
(1248,	2575,	2525),
(1248,	2580,	2528),
(1249,	1250,	2529),
(1249,	1253,	2531),
(1249,	1254,	2532),
(1249,	2579,	2530),
(1250,	1251,	2533),
(1250,	1253,	2534),
(1251,	1252,	2535),
(1251,	1253,	2537),
(1251,	1257,	2536),
(1252,	1253,	2540),
(1252,	1254,	2541),
(1252,	1255,	2538),
(1252,	1257,	2539),
(1253,	1254,	2542),
(1254,	1255,	2543),
(1255,	1256,	2545),
(1255,	1257,	2544),
(1256,	1257,	2546),
(1256,	1259,	2547),
(1256,	1260,	2548),
(1257,	1260,	2549),
(1258,	1260,	2550),
(1258,	1261,	2551),
(1258,	1262,	2552),
(1259,	1260,	2553),
(1259,	1261,	2554),
(1261,	1262,	2555),
(1261,	1263,	2556),
(1262,	1263,	2557),
(1263,	1264,	2559),
(1263,	1265,	2558),
(1264,	1265,	2561),
(1264,	1266,	2560),
(1265,	1266,	2562),
(1265,	1271,	2563),
(1266,	1267,	2567),
(1266,	1269,	2566),
(1266,	1270,	2564),
(1266,	1271,	2565),
(1267,	1269,	2568),
(1268,	1269,	2569),
(1269,	1270,	2572),
(1269,	1273,	2571),
(1269,	1274,	2573),
(1269,	2585,	2570),
(1270,	1271,	2574),
(1270,	2585,	2575),
(1271,	1272,	2577),
(1271,	1292,	2576),
(1271,	2585,	2578),
(1272,	1281,	2582),
(1272,	1286,	2581),
(1272,	1291,	2580),
(1272,	1292,	2579),
(1272,	2585,	2583),
(1273,	1275,	2586),
(1273,	1281,	2585),
(1273,	2585,	2584),
(1274,	1275,	2587),
(1275,	1276,	2589),
(1275,	1280,	2588),
(1276,	1277,	2591),
(1276,	1278,	2593),
(1276,	1279,	2590),
(1276,	2578,	2592),
(1277,	1278,	2594),
(1278,	1279,	2598),
(1278,	1282,	2597),
(1278,	1283,	2595),
(1278,	2461,	2596),
(1279,	1280,	2599),
(1279,	1282,	2600),
(1280,	1281,	2601),
(1280,	1282,	2602),
(1280,	1285,	2603),
(1281,	1285,	2605),
(1281,	1286,	2604),
(1282,	1283,	2607),
(1282,	1285,	2606),
(1283,	1284,	2610),
(1283,	1289,	2608),
(1283,	2093,	2609),
(1284,	1285,	2613),
(1284,	1288,	2611),
(1284,	1289,	2612),
(1285,	1286,	2615),
(1285,	1287,	2614),
(1286,	1287,	2616),
(1287,	1288,	2618),
(1287,	1290,	2617),
(1287,	1291,	2619),
(1288,	1289,	2620),
(1288,	1290,	2621),
(1289,	1290,	2624),
(1289,	2094,	2623),
(1289,	2530,	2622),
(1290,	1291,	2627),
(1290,	1294,	2626),
(1290,	2530,	2625),
(1291,	1292,	2629),
(1291,	1293,	2630),
(1291,	1294,	2628),
(1292,	1293,	2631),
(1293,	1294,	2632),
(1293,	1296,	2634),
(1293,	1297,	2633),
(1294,	1295,	2635),
(1294,	1296,	2637),
(1294,	2530,	2636),
(1295,	1296,	2640),
(1295,	1299,	2641),
(1295,	1300,	2638),
(1295,	2530,	2639),
(1296,	1297,	2643),
(1296,	1299,	2642),
(1297,	1298,	2644),
(1298,	1299,	2646),
(1298,	1303,	2645),
(1299,	1300,	2647),
(1299,	1301,	2649),
(1299,	1302,	2648),
(1300,	1301,	2650),
(1300,	2114,	2652),
(1300,	2530,	2651),
(1301,	1302,	2655),
(1301,	1306,	2653),
(1301,	2119,	2654),
(1302,	1303,	2658),
(1302,	1305,	2656),
(1302,	1306,	2657),
(1303,	1304,	2659),
(1304,	1305,	2662),
(1304,	1308,	2661),
(1304,	1309,	2660),
(1305,	1306,	2664),
(1305,	1307,	2663),
(1305,	1308,	2665),
(1306,	1319,	2666),
(1307,	1311,	2667),
(1308,	1309,	2668),
(1308,	1310,	2670),
(1308,	1311,	2669),
(1309,	1310,	2671),
(1310,	1311,	2673),
(1310,	1312,	2674),
(1310,	1314,	2672),
(1311,	1312,	2675),
(1312,	1313,	2676),
(1312,	1314,	2677),
(1313,	1314,	2679),
(1313,	1315,	2681),
(1313,	1316,	2680),
(1313,	2479,	2678),
(1315,	1316,	2684),
(1315,	1317,	2683),
(1315,	2479,	2682),
(1316,	1317,	2686),
(1316,	2575,	2685),
(1318,	1319,	2687),
(1318,	1328,	2689),
(1318,	1329,	2688),
(1318,	2128,	2690),
(1319,	1320,	2691),
(1319,	1328,	2692),
(1320,	1321,	2693),
(1320,	1328,	2694),
(1321,	1322,	2695),
(1321,	1327,	2696),
(1322,	1323,	2697),
(1322,	1326,	2699),
(1322,	1327,	2698),
(1322,	2479,	2700),
(1323,	1324,	2701),
(1323,	1326,	2702),
(1324,	1325,	2703),
(1324,	1326,	2704),
(1325,	1335,	2705),
(1325,	2470,	2706),
(1326,	1327,	2708),
(1326,	2470,	2707),
(1327,	1328,	2712),
(1327,	1332,	2713),
(1327,	1333,	2711),
(1327,	1334,	2709),
(1327,	2470,	2710),
(1328,	1329,	2714),
(1328,	1332,	2715),
(1329,	1330,	2716),
(1329,	1332,	2717),
(1329,	2223,	2718),
(1330,	1331,	2720),
(1330,	1341,	2719),
(1330,	2226,	2721),
(1330,	2228,	2722),
(1331,	1332,	2724),
(1331,	1340,	2723),
(1331,	2469,	2725),
(1332,	1333,	2726),
(1332,	2469,	2727),
(1333,	1334,	2728),
(1333,	2469,	2729),
(1334,	1335,	2730),
(1334,	1338,	2731),
(1334,	1339,	2732),
(1334,	2468,	2733),
(1334,	2469,	2735),
(1334,	2470,	2734),
(1335,	1336,	2736),
(1335,	1337,	2738),
(1335,	1338,	2737),
(1335,	2470,	2739),
(1336,	1337,	2740),
(1337,	1338,	2743),
(1337,	1346,	2742),
(1337,	1347,	2741),
(1338,	1345,	2745),
(1338,	1346,	2746),
(1338,	2468,	2744),
(1339,	1340,	2748),
(1339,	1343,	2749),
(1339,	1344,	2747),
(1339,	2468,	2751),
(1339,	2469,	2750),
(1340,	1341,	2752),
(1340,	1342,	2753),
(1340,	1343,	2754),
(1340,	2469,	2755),
(1341,	1342,	2756),
(1342,	1343,	2758),
(1342,	1352,	2757),
(1342,	2228,	2759),
(1343,	1344,	2760),
(1343,	1351,	2761),
(1344,	1345,	2764),
(1344,	1350,	2763),
(1344,	2467,	2762),
(1344,	2468,	2765),
(1345,	1346,	2769),
(1345,	1349,	2768),
(1345,	1350,	2766),
(1345,	2468,	2767),
(1346,	1347,	2771),
(1346,	1348,	2772),
(1346,	1349,	2770),
(1347,	1348,	2773),
(1348,	1349,	2775),
(1348,	1356,	2777),
(1348,	1357,	2776),
(1348,	1358,	2774),
(1349,	1350,	2778),
(1349,	1356,	2779),
(1350,	1355,	2781),
(1350,	1356,	2782),
(1350,	2467,	2780),
(1351,	1352,	2783),
(1351,	2466,	2784),
(1351,	2467,	2785),
(1352,	1353,	2786),
(1352,	2466,	2787),
(1353,	1354,	2790),
(1353,	1363,	2791),
(1353,	1364,	2788),
(1353,	2302,	2792),
(1353,	2466,	2789),
(1354,	1355,	2796),
(1354,	1362,	2794),
(1354,	1363,	2795),
(1354,	2466,	2793),
(1354,	2467,	2797),
(1355,	1356,	2800),
(1355,	1362,	2799),
(1355,	2467,	2798),
(1356,	1357,	2801),
(1356,	1360,	2804),
(1356,	1361,	2803),
(1356,	1362,	2802),
(1357,	1358,	2806),
(1357,	1360,	2805),
(1358,	1359,	2807),
(1358,	1360,	2808),
(1359,	1360,	2810),
(1359,	1369,	2811),
(1359,	1370,	2812),
(1359,	1371,	2809),
(1360,	1361,	2813),
(1360,	1369,	2814),
(1361,	1362,	2816),
(1361,	1367,	2817),
(1361,	1368,	2815),
(1362,	1363,	2818),
(1362,	1366,	2819),
(1362,	1367,	2820),
(1363,	1364,	2821),
(1363,	1365,	2823),
(1363,	1366,	2822),
(1364,	1365,	2824),
(1364,	2303,	2825),
(1364,	2305,	2826),
(1365,	1366,	2828),
(1365,	1377,	2827),
(1366,	1367,	2829),
(1366,	1376,	2830),
(1367,	1368,	2831),
(1367,	1376,	2832),
(1368,	1369,	2833),
(1368,	1375,	2835),
(1368,	1376,	2834),
(1369,	1370,	2836),
(1369,	1374,	2838),
(1369,	1375,	2837),
(1370,	1371,	2840),
(1370,	1372,	2841),
(1370,	1373,	2839),
(1370,	1374,	2842),
(1371,	1372,	2843),
(1372,	1373,	2844),
(1372,	1392,	2845),
(1373,	1374,	2847),
(1373,	1397,	2848),
(1373,	2465,	2846),
(1374,	1375,	2851),
(1374,	1380,	2852),
(1374,	1381,	2849),
(1374,	2465,	2850),
(1375,	1376,	2854),
(1375,	1380,	2853),
(1376,	1377,	2856),
(1376,	1378,	2855),
(1376,	1379,	2857),
(1376,	1380,	2858),
(1377,	1378,	2859),
(1378,	1379,	2861),
(1378,	1385,	2860),
(1378,	1386,	2862),
(1379,	1380,	2865),
(1379,	1384,	2863),
(1379,	1386,	2864),
(1380,	1381,	2866),
(1380,	1384,	2867),
(1381,	1382,	2870),
(1381,	1383,	2869),
(1381,	1384,	2871),
(1381,	2465,	2868),
(1382,	1383,	2874),
(1382,	1390,	2873),
(1382,	1401,	2875),
(1382,	2465,	2872),
(1383,	1384,	2876),
(1383,	1387,	2877),
(1383,	1390,	2878),
(1384,	1386,	2880),
(1384,	1387,	2879),
(1385,	1386,	2882),
(1385,	1389,	2881),
(1385,	2305,	2883),
(1386,	1387,	2884),
(1386,	1388,	2886),
(1386,	1389,	2885),
(1387,	1388,	2887),
(1387,	1390,	2888),
(1388,	1389,	2890),
(1388,	1390,	2889),
(1388,	1533,	2891),
(1389,	1538,	2892),
(1390,	1532,	2893),
(1391,	1392,	2895),
(1391,	2520,	2894),
(1391,	2528,	2896),
(1391,	2540,	2897),
(1392,	1393,	2898),
(1392,	1427,	2899),
(1392,	2528,	2900),
(1393,	1394,	2901),
(1393,	1427,	2903),
(1393,	2529,	2902),
(1394,	1395,	2904),
(1395,	1397,	2905),
(1396,	1397,	2907),
(1396,	1398,	2906),
(1396,	1420,	2908),
(1397,	2517,	2909),
(1398,	1399,	2911),
(1398,	1414,	2910),
(1399,	1400,	2912),
(1399,	1410,	2913),
(1399,	1413,	2914),
(1400,	1401,	2916),
(1400,	1407,	2917),
(1400,	1410,	2915),
(1401,	1402,	2918),
(1401,	1404,	2920),
(1401,	1407,	2919),
(1402,	1403,	2921),
(1402,	1404,	2923),
(1402,	2488,	2922),
(1403,	1527,	2924),
(1403,	1529,	2925),
(1404,	1405,	2926),
(1404,	1406,	2928),
(1404,	1407,	2929),
(1404,	2488,	2927),
(1405,	1524,	2932),
(1405,	1525,	2930),
(1405,	1526,	2931),
(1406,	1407,	2934),
(1406,	1408,	2935),
(1406,	1525,	2933),
(1407,	1408,	2937),
(1407,	1410,	2936),
(1408,	1409,	2939),
(1408,	1410,	2940),
(1408,	1411,	2938),
(1409,	1411,	2942),
(1409,	1458,	2941),
(1409,	1460,	2944),
(1409,	1461,	2943),
(1410,	1411,	2947),
(1410,	1412,	2945),
(1410,	1413,	2946),
(1411,	1412,	2950),
(1411,	1458,	2948),
(1411,	2498,	2949),
(1412,	1413,	2951),
(1412,	1415,	2952),
(1413,	1414,	2953),
(1414,	1417,	2954),
(1414,	2519,	2955),
(1415,	1416,	2957),
(1415,	2498,	2956),
(1416,	1438,	2959),
(1416,	1457,	2960),
(1416,	2497,	2958),
(1417,	1419,	2962),
(1417,	2497,	2961),
(1418,	1421,	2966),
(1418,	1434,	2964),
(1418,	1437,	2965),
(1418,	2497,	2963),
(1419,	1420,	2967),
(1419,	2497,	2968),
(1420,	2517,	2969),
(1421,	1422,	2971),
(1421,	1423,	2972),
(1421,	2497,	2973),
(1421,	2517,	2970),
(1422,	1423,	2974),
(1422,	1433,	2976),
(1422,	1434,	2975),
(1422,	2516,	2977),
(1423,	1431,	2978),
(1424,	1430,	2979),
(1425,	1426,	2980),
(1426,	2529,	2981),
(1427,	1428,	2983),
(1427,	2528,	2982),
(1427,	2529,	2984),
(1428,	2526,	2985),
(1429,	1431,	2986),
(1429,	1432,	2987),
(1430,	1431,	2988),
(1431,	1432,	2989),
(1432,	2516,	2990),
(1433,	1435,	2993),
(1433,	2515,	2992),
(1433,	2516,	2991),
(1434,	1435,	2994),
(1435,	1436,	2995),
(1435,	1437,	2997),
(1435,	2515,	2996),
(1436,	1437,	3000),
(1436,	1440,	2999),
(1436,	2515,	2998),
(1437,	2497,	3001),
(1438,	1439,	3003),
(1438,	1440,	3004),
(1438,	2497,	3002),
(1439,	1451,	3005),
(1439,	1457,	3006),
(1440,	1441,	3007),
(1442,	1443,	3008),
(1442,	1450,	3009),
(1443,	1444,	3010),
(1444,	2392,	3011),
(1445,	1446,	3014),
(1445,	1447,	3013),
(1445,	1449,	3012),
(1446,	1447,	3015),
(1446,	1449,	3017),
(1446,	1452,	3016),
(1447,	1448,	3018),
(1448,	2494,	3019),
(1449,	1452,	3020),
(1450,	1451,	3021),
(1452,	1453,	3022),
(1452,	1454,	3025),
(1452,	1455,	3024),
(1452,	1456,	3023),
(1453,	1454,	3026),
(1454,	1455,	3027),
(1455,	1456,	3029),
(1455,	1459,	3028),
(1456,	1457,	3030),
(1456,	1459,	3031),
(1457,	1459,	3033),
(1457,	2498,	3032),
(1458,	1459,	3035),
(1458,	2498,	3034),
(1459,	2498,	3036),
(1460,	1461,	3037),
(1460,	1462,	3039),
(1460,	1463,	3038),
(1462,	1463,	3041),
(1462,	2496,	3040),
(1463,	1464,	3042),
(1463,	1465,	3043),
(1464,	1519,	3044),
(1464,	2496,	3045),
(1465,	1466,	3046),
(1466,	1467,	3048),
(1466,	1506,	3049),
(1466,	1507,	3050),
(1466,	1519,	3047),
(1467,	1468,	3051),
(1467,	1469,	3053),
(1467,	1506,	3052),
(1468,	1469,	3054),
(1469,	1470,	3055),
(1470,	1471,	3056),
(1471,	1472,	3057),
(1471,	1474,	3058),
(1472,	2494,	3059),
(1473,	1476,	3060),
(1473,	2493,	3061),
(1474,	1475,	3062),
(1475,	1478,	3063),
(1475,	1505,	3064),
(1476,	1477,	3065),
(1476,	1478,	3066),
(1476,	2493,	3067),
(1477,	1478,	3070),
(1477,	1480,	3069),
(1477,	1482,	3068),
(1478,	2492,	3071),
(1479,	1482,	3073),
(1479,	1483,	3072),
(1480,	1481,	3074),
(1480,	1482,	3075),
(1480,	1503,	3077),
(1480,	2492,	3076),
(1481,	1482,	3079),
(1481,	1484,	3078),
(1481,	1502,	3080),
(1481,	1503,	3081),
(1482,	1483,	3083),
(1482,	1484,	3082),
(1483,	1484,	3085),
(1483,	1485,	3084),
(1484,	1485,	3086),
(1484,	1491,	3087),
(1485,	1487,	3089),
(1485,	1488,	3090),
(1485,	1490,	3088),
(1485,	1491,	3091),
(1486,	1487,	3092),
(1487,	1488,	3093),
(1488,	1489,	3094),
(1488,	1490,	3095),
(1489,	1490,	3097),
(1489,	1493,	3096),
(1490,	1491,	3099),
(1490,	1492,	3098),
(1491,	1500,	3100),
(1491,	1502,	3101),
(1492,	1493,	3103),
(1492,	1499,	3102),
(1492,	1500,	3104),
(1493,	1494,	3105),
(1493,	1499,	3106),
(1494,	1495,	3108),
(1494,	1499,	3109),
(1494,	1629,	3107),
(1495,	1496,	3111),
(1495,	1498,	3112),
(1495,	1499,	3110),
(1496,	1497,	3114),
(1496,	1498,	3115),
(1496,	1629,	3113),
(1496,	2490,	3116),
(1497,	1613,	3117),
(1497,	1626,	3119),
(1497,	2489,	3118),
(1497,	2490,	3120),
(1498,	1499,	3121),
(1498,	1512,	3123),
(1498,	2489,	3122),
(1499,	1500,	3124),
(1499,	1510,	3126),
(1499,	1511,	3125),
(1500,	1501,	3127),
(1500,	1511,	3128),
(1501,	1502,	3129),
(1501,	1503,	3131),
(1501,	1511,	3130),
(1503,	1504,	3133),
(1503,	1511,	3134),
(1503,	2492,	3132),
(1504,	1505,	3139),
(1504,	1506,	3138),
(1504,	1509,	3136),
(1504,	1511,	3135),
(1504,	2492,	3137),
(1505,	1506,	3141),
(1505,	2492,	3140),
(1506,	1507,	3142),
(1507,	1508,	3144),
(1507,	1516,	3143),
(1507,	1519,	3145),
(1508,	1509,	3146),
(1508,	1514,	3147),
(1509,	1510,	3148),
(1509,	1511,	3149),
(1510,	1511,	3151),
(1510,	1512,	3150),
(1510,	1514,	3152),
(1512,	1513,	3153),
(1513,	1514,	3155),
(1513,	1515,	3154),
(1513,	2482,	3157),
(1513,	2489,	3156),
(1514,	1515,	3158),
(1514,	1516,	3159),
(1515,	1516,	3161),
(1515,	1517,	3160),
(1516,	1518,	3162),
(1516,	1519,	3163),
(1517,	1518,	3165),
(1517,	2482,	3164),
(1517,	2495,	3166),
(1518,	1519,	3168),
(1518,	1521,	3169),
(1518,	2495,	3167),
(1518,	2496,	3170),
(1519,	2496,	3171),
(1520,	1521,	3173),
(1520,	2495,	3172),
(1520,	2518,	3174),
(1521,	1522,	3177),
(1521,	1523,	3176),
(1521,	1524,	3178),
(1521,	2496,	3175),
(1522,	1524,	3181),
(1522,	1526,	3182),
(1522,	1557,	3179),
(1522,	2518,	3180),
(1523,	1524,	3183),
(1523,	1525,	3184),
(1524,	1526,	3185),
(1526,	1528,	3186),
(1526,	1556,	3189),
(1526,	1557,	3188),
(1526,	2488,	3187),
(1527,	2484,	3191),
(1527,	2488,	3190),
(1528,	1551,	3192),
(1528,	1552,	3194),
(1528,	1556,	3195),
(1528,	2484,	3193),
(1528,	2488,	3196),
(1529,	1530,	3198),
(1529,	1545,	3197),
(1529,	1546,	3200),
(1529,	2484,	3199),
(1530,	1531,	3202),
(1530,	1545,	3201),
(1531,	1532,	3203),
(1531,	1536,	3204),
(1531,	1543,	3205),
(1531,	1544,	3206),
(1531,	1545,	3207),
(1532,	1533,	3208),
(1532,	1536,	3209),
(1533,	1534,	3210),
(1533,	1536,	3211),
(1534,	1535,	3212),
(1534,	1536,	3213),
(1534,	1543,	3214),
(1535,	1537,	3216),
(1535,	1538,	3215),
(1535,	1543,	3217),
(1536,	1543,	3218),
(1537,	1538,	3220),
(1537,	1540,	3219),
(1537,	1541,	3222),
(1537,	1543,	3221),
(1538,	1539,	3223),
(1538,	1540,	3224),
(1539,	1540,	3227),
(1539,	2313,	3225),
(1539,	2481,	3226),
(1540,	1541,	3229),
(1540,	1570,	3228),
(1541,	1542,	3233),
(1541,	1549,	3234),
(1541,	1568,	3232),
(1541,	1569,	3231),
(1541,	1570,	3230),
(1542,	1543,	3235),
(1542,	1544,	3238),
(1542,	1548,	3236),
(1542,	1549,	3237),
(1543,	1544,	3239),
(1544,	1545,	3240),
(1544,	1546,	3243),
(1544,	1547,	3242),
(1544,	1548,	3241),
(1545,	1546,	3244),
(1546,	1547,	3245),
(1546,	1550,	3246),
(1546,	1551,	3248),
(1546,	2484,	3247),
(1547,	1549,	3249),
(1548,	1549,	3250),
(1549,	1550,	3253),
(1549,	1566,	3252),
(1549,	1567,	3254),
(1549,	1568,	3251),
(1550,	1551,	3256),
(1550,	1553,	3257),
(1550,	1566,	3255),
(1551,	1552,	3260),
(1551,	1553,	3258),
(1551,	2484,	3259),
(1552,	1553,	3262),
(1552,	1555,	3261),
(1552,	1556,	3263),
(1553,	1554,	3266),
(1553,	1555,	3267),
(1553,	1565,	3265),
(1553,	1566,	3264),
(1554,	1555,	3269),
(1554,	1562,	3270),
(1554,	1565,	3268),
(1555,	1556,	3273),
(1555,	1557,	3274),
(1555,	1558,	3275),
(1555,	1559,	3271),
(1555,	1562,	3272),
(1557,	2518,	3276),
(1558,	1559,	3277),
(1558,	2495,	3278),
(1559,	1560,	3279),
(1559,	1562,	3280),
(1559,	2495,	3281),
(1560,	1561,	3282),
(1560,	2482,	3283),
(1561,	1562,	3288),
(1561,	1563,	3285),
(1561,	1621,	3284),
(1561,	1627,	3286),
(1561,	1628,	3287),
(1562,	1563,	3289),
(1563,	1564,	3291),
(1563,	1565,	3290),
(1563,	1624,	3293),
(1563,	1625,	3292),
(1564,	1565,	3294),
(1564,	1578,	3297),
(1564,	1588,	3298),
(1564,	1623,	3295),
(1564,	1624,	3296),
(1565,	1566,	3299),
(1565,	1577,	3300),
(1565,	1578,	3301),
(1566,	1567,	3302),
(1566,	1577,	3303),
(1567,	1568,	3304),
(1567,	1575,	3306),
(1567,	1577,	3305),
(1568,	1569,	3309),
(1568,	1574,	3308),
(1568,	1575,	3307),
(1569,	1570,	3310),
(1570,	1573,	3311),
(1570,	2481,	3312),
(1571,	1572,	3314),
(1571,	2481,	3313),
(1572,	1573,	3316),
(1572,	1581,	3315),
(1573,	1574,	3317),
(1573,	1581,	3318),
(1574,	1575,	3319),
(1574,	1581,	3320),
(1575,	1576,	3321),
(1575,	1577,	3322),
(1575,	1580,	3324),
(1575,	1581,	3323),
(1576,	1577,	3327),
(1576,	1579,	3325),
(1576,	1580,	3326),
(1577,	1578,	3328),
(1577,	1579,	3329),
(1578,	1579,	3330),
(1578,	1587,	3331),
(1578,	1588,	3332),
(1579,	1585,	3333),
(1579,	1587,	3334),
(1580,	1581,	3336),
(1580,	1585,	3335),
(1582,	1583,	3337),
(1583,	1584,	3339),
(1583,	1591,	3338),
(1583,	2487,	3340),
(1585,	1587,	3342),
(1585,	1589,	3341),
(1586,	1587,	3347),
(1586,	1589,	3343),
(1586,	1595,	3346),
(1586,	1618,	3348),
(1586,	2485,	3344),
(1586,	2486,	3345),
(1587,	1588,	3351),
(1587,	1589,	3349),
(1587,	2485,	3350),
(1588,	1622,	3352),
(1588,	1623,	3354),
(1588,	2485,	3353),
(1589,	1594,	3355),
(1590,	1591,	3356),
(1590,	1593,	3357),
(1591,	1592,	3358),
(1593,	2480,	3359),
(1594,	1595,	3361),
(1594,	2480,	3360),
(1595,	1597,	3362),
(1595,	2486,	3363),
(1596,	1597,	3364),
(1596,	1606,	3365),
(1596,	2486,	3366),
(1597,	1598,	3370),
(1597,	1599,	3369),
(1597,	1600,	3368),
(1597,	2480,	3367),
(1598,	1599,	3371),
(1598,	2480,	3372),
(1600,	1606,	3373),
(1601,	1606,	3374),
(1602,	1605,	3375),
(1603,	1605,	3376),
(1603,	2483,	3377),
(1604,	1605,	3379),
(1604,	1607,	3378),
(1605,	1606,	3380),
(1605,	1607,	3381),
(1606,	1607,	3382),
(1606,	2486,	3383),
(1607,	1608,	3384),
(1607,	1617,	3386),
(1607,	2486,	3385),
(1608,	1609,	3387),
(1608,	1617,	3388),
(1609,	1617,	3389),
(1610,	1614,	3390),
(1611,	1612,	3392),
(1611,	2475,	3391),
(1612,	1613,	3394),
(1612,	2476,	3393),
(1612,	2490,	3395),
(1613,	1614,	3396),
(1613,	1626,	3397),
(1613,	2490,	3398),
(1614,	1615,	3400),
(1614,	1616,	3401),
(1614,	1626,	3399),
(1615,	1616,	3403),
(1615,	1617,	3402),
(1616,	1617,	3404),
(1616,	1620,	3407),
(1616,	1626,	3405),
(1616,	1627,	3406),
(1617,	1618,	3410),
(1617,	1619,	3409),
(1617,	1620,	3411),
(1617,	2486,	3408),
(1618,	1619,	3413),
(1618,	1622,	3412),
(1618,	2485,	3415),
(1618,	2486,	3414),
(1619,	1621,	3417),
(1619,	1622,	3416),
(1620,	1621,	3418),
(1620,	1627,	3419),
(1621,	1622,	3420),
(1621,	1624,	3421),
(1621,	1625,	3422),
(1622,	1623,	3424),
(1622,	1624,	3425),
(1622,	2485,	3423),
(1624,	1625,	3426),
(1626,	1627,	3427),
(1627,	1628,	3428),
(1628,	2482,	3430),
(1628,	2489,	3429),
(1629,	1630,	3432),
(1629,	2477,	3431),
(1629,	2490,	3433),
(1630,	1631,	3434),
(1630,	2473,	3435),
(1630,	2477,	3436),
(1631,	2473,	3437),
(1632,	1633,	3438),
(1633,	1633,	3439),
(1633,	1634,	3440),
(1633,	1639,	3441),
(1634,	1634,	3443),
(1634,	1635,	3442),
(1635,	1636,	3444),
(1635,	1637,	3446),
(1635,	1638,	3445),
(1636,	1637,	3447),
(1637,	1638,	3448),
(1637,	1653,	3449),
(1638,	1652,	3450),
(1639,	1640,	3453),
(1639,	1641,	3452),
(1639,	1651,	3451),
(1640,	1641,	3457),
(1640,	1643,	3456),
(1640,	1649,	3455),
(1640,	1650,	3454),
(1641,	1642,	3458),
(1643,	1645,	3459),
(1644,	1649,	3460),
(1646,	1647,	3461),
(1647,	1657,	3462),
(1647,	2422,	3463),
(1648,	1649,	3465),
(1648,	1656,	3464),
(1649,	1650,	3467),
(1649,	1655,	3466),
(1649,	1656,	3468),
(1650,	1651,	3469),
(1651,	1652,	3470),
(1651,	1654,	3471),
(1651,	1655,	3472),
(1652,	1653,	3473),
(1653,	1654,	3475),
(1653,	1663,	3474),
(1654,	1655,	3477),
(1654,	1662,	3476),
(1654,	1663,	3478),
(1655,	1656,	3479),
(1656,	1657,	3482),
(1656,	1660,	3481),
(1656,	1662,	3480),
(1657,	1658,	3485),
(1657,	1659,	3483),
(1657,	2355,	3484),
(1658,	2355,	3488),
(1658,	2356,	3486),
(1658,	2422,	3487),
(1659,	1660,	3490),
(1659,	1670,	3489),
(1660,	1661,	3491),
(1660,	1669,	3492),
(1660,	1670,	3493),
(1661,	1662,	3496),
(1661,	1668,	3494),
(1661,	1669,	3495),
(1662,	1667,	3497),
(1663,	1665,	3498),
(1663,	1667,	3499),
(1664,	1665,	3500),
(1665,	1666,	3501),
(1665,	1667,	3503),
(1665,	1675,	3504),
(1665,	2408,	3502),
(1666,	1667,	3508),
(1666,	1668,	3509),
(1666,	1673,	3507),
(1666,	1674,	3506),
(1666,	1675,	3505),
(1667,	1668,	3510),
(1668,	1673,	3511),
(1669,	1670,	3513),
(1669,	1682,	3512),
(1670,	1671,	3514),
(1670,	1682,	3515),
(1670,	2354,	3516),
(1670,	2355,	3517),
(1671,	1682,	3519),
(1671,	2351,	3518),
(1671,	2352,	3521),
(1671,	2353,	3520),
(1671,	2354,	3522),
(1672,	1673,	3525),
(1672,	1680,	3523),
(1672,	1681,	3524),
(1672,	1682,	3526),
(1673,	1678,	3528),
(1673,	1679,	3527),
(1673,	1680,	3529),
(1674,	1675,	3531),
(1674,	1678,	3530),
(1675,	1676,	3532),
(1675,	1678,	3533),
(1676,	1677,	3534),
(1676,	1678,	3535),
(1677,	1687,	3536),
(1678,	1679,	3540),
(1678,	1685,	3539),
(1678,	1686,	3538),
(1678,	1687,	3537),
(1679,	1680,	3543),
(1679,	1684,	3541),
(1679,	1685,	3542),
(1680,	1681,	3546),
(1680,	1683,	3545),
(1680,	1684,	3544),
(1681,	1682,	3551),
(1681,	1683,	3547),
(1681,	1696,	3548),
(1681,	2350,	3549),
(1681,	2351,	3550),
(1682,	2351,	3552),
(1683,	1694,	3553),
(1683,	1697,	3554),
(1684,	1691,	3555),
(1684,	1697,	3556),
(1685,	1686,	3557),
(1685,	1690,	3558),
(1685,	1691,	3559),
(1686,	1687,	3562),
(1686,	1688,	3563),
(1686,	1689,	3560),
(1686,	1690,	3561),
(1687,	1688,	3564),
(1688,	1689,	3565),
(1688,	1708,	3566),
(1689,	1690,	3570),
(1689,	1706,	3567),
(1689,	1707,	3569),
(1689,	1708,	3568),
(1690,	1691,	3574),
(1690,	1692,	3572),
(1690,	1702,	3573),
(1690,	1706,	3571),
(1691,	1692,	3575),
(1691,	1697,	3576),
(1692,	1697,	3579),
(1692,	1701,	3577),
(1692,	1702,	3578),
(1693,	1694,	3581),
(1693,	1695,	3580),
(1693,	1698,	3582),
(1694,	1696,	3583),
(1694,	1697,	3584),
(1695,	1696,	3586),
(1695,	2349,	3587),
(1695,	2381,	3585),
(1696,	2349,	3589),
(1696,	2350,	3588),
(1697,	1698,	3590),
(1698,	1700,	3592),
(1698,	1701,	3593),
(1698,	2380,	3591),
(1699,	1821,	3595),
(1699,	1834,	3597),
(1699,	1835,	3596),
(1699,	2381,	3594),
(1700,	1701,	3600),
(1700,	1703,	3599),
(1700,	1715,	3598),
(1701,	1702,	3602),
(1701,	1703,	3601),
(1702,	1703,	3605),
(1702,	1705,	3603),
(1702,	1706,	3604),
(1703,	1704,	3608),
(1703,	1705,	3607),
(1703,	1715,	3606),
(1704,	1705,	3612),
(1704,	1711,	3611),
(1704,	1712,	3610),
(1704,	1715,	3609),
(1705,	1706,	3614),
(1705,	1707,	3615),
(1705,	1716,	3613),
(1706,	1707,	3616),
(1707,	1708,	3617),
(1707,	1709,	3618),
(1707,	1710,	3619),
(1707,	1716,	3620),
(1708,	1709,	3621),
(1709,	1710,	3623),
(1709,	1719,	3622),
(1710,	1716,	3625),
(1710,	1717,	3624),
(1710,	1718,	3627),
(1710,	1719,	3626),
(1711,	1712,	3629),
(1711,	1716,	3630),
(1711,	1717,	3628),
(1712,	1715,	3634),
(1712,	1717,	3631),
(1712,	1743,	3632),
(1712,	2398,	3633),
(1713,	1715,	3636),
(1713,	2398,	3635),
(1714,	1746,	3637),
(1714,	2380,	3639),
(1714,	2398,	3638),
(1717,	1718,	3642),
(1717,	1720,	3640),
(1717,	1742,	3641),
(1717,	1743,	3643),
(1718,	1719,	3645),
(1718,	1720,	3644),
(1720,	1721,	3646),
(1720,	1742,	3647),
(1721,	1722,	3648),
(1721,	1740,	3649),
(1721,	1741,	3650),
(1721,	1742,	3651),
(1722,	1723,	3654),
(1722,	1724,	3653),
(1722,	1725,	3652),
(1722,	1740,	3655),
(1723,	1724,	3656),
(1724,	1725,	3657),
(1725,	1726,	3658),
(1725,	1740,	3659),
(1726,	1727,	3662),
(1726,	1740,	3663),
(1726,	2396,	3661),
(1726,	2397,	3660),
(1727,	1728,	3665),
(1727,	1738,	3667),
(1727,	2396,	3664),
(1727,	2397,	3666),
(1728,	1729,	3668),
(1728,	1738,	3669),
(1728,	2395,	3670),
(1729,	1730,	3671),
(1729,	2395,	3672),
(1730,	2004,	3673),
(1730,	2005,	3674),
(1731,	1732,	3675),
(1731,	2004,	3676),
(1732,	1733,	3677),
(1732,	1736,	3679),
(1732,	2395,	3678),
(1733,	1734,	3680),
(1733,	1735,	3681),
(1734,	1735,	3685),
(1734,	1765,	3682),
(1734,	1790,	3684),
(1734,	1791,	3683),
(1735,	1736,	3686),
(1735,	1790,	3687),
(1736,	1737,	3689),
(1736,	1790,	3688),
(1736,	2395,	3690),
(1737,	1738,	3691),
(1737,	1790,	3693),
(1737,	1796,	3694),
(1737,	1797,	3692),
(1738,	1797,	3698),
(1738,	1799,	3697),
(1738,	2395,	3696),
(1738,	2397,	3695),
(1739,	1740,	3699),
(1739,	1782,	3702),
(1739,	1799,	3700),
(1739,	2397,	3701),
(1740,	1741,	3704),
(1740,	1782,	3705),
(1740,	2397,	3703),
(1741,	1742,	3706),
(1741,	1744,	3707),
(1741,	1781,	3708),
(1741,	1782,	3709),
(1742,	1743,	3710),
(1742,	1744,	3711),
(1743,	1744,	3712),
(1743,	2398,	3713),
(1744,	1745,	3714),
(1744,	1778,	3716),
(1744,	1779,	3717),
(1744,	1780,	3718),
(1744,	1781,	3719),
(1744,	2398,	3715),
(1745,	1746,	3720),
(1745,	1747,	3722),
(1745,	2398,	3721),
(1745,	2405,	3723),
(1746,	1747,	3725),
(1746,	2398,	3724),
(1747,	1748,	3726),
(1747,	1777,	3727),
(1747,	2405,	3728),
(1748,	1749,	3731),
(1748,	1750,	3732),
(1748,	1776,	3729),
(1748,	1777,	3730),
(1748,	2380,	3733),
(1749,	1800,	3735),
(1749,	1801,	3734),
(1750,	1751,	3736),
(1750,	1776,	3737),
(1750,	1801,	3738),
(1750,	1802,	3739),
(1751,	1752,	3743),
(1751,	1774,	3740),
(1751,	1775,	3741),
(1751,	1776,	3742),
(1752,	1773,	3744),
(1752,	1774,	3745),
(1752,	1802,	3746),
(1752,	1803,	3747),
(1753,	1754,	3749),
(1753,	1773,	3748),
(1753,	1803,	3750),
(1753,	1981,	3751),
(1754,	1755,	3753),
(1754,	1772,	3752),
(1754,	1981,	3754),
(1755,	1771,	3757),
(1755,	1981,	3756),
(1755,	1982,	3755),
(1756,	1757,	3758),
(1756,	1771,	3759),
(1756,	1982,	3760),
(1757,	1770,	3762),
(1757,	1982,	3763),
(1757,	2402,	3761),
(1758,	1759,	3764),
(1759,	1760,	3765),
(1760,	1767,	3766),
(1760,	1768,	3768),
(1760,	1769,	3767),
(1761,	1762,	3769),
(1762,	1763,	3770),
(1763,	1764,	3772),
(1763,	1765,	3773),
(1763,	1766,	3771),
(1764,	1765,	3774),
(1765,	1766,	3775),
(1766,	1767,	3776),
(1766,	1768,	3777),
(1766,	1789,	3779),
(1766,	1791,	3778),
(1767,	1768,	3780),
(1768,	1769,	3782),
(1768,	1789,	3781),
(1768,	2401,	3783),
(1769,	1770,	3784),
(1769,	2404,	3785),
(1770,	1771,	3787),
(1770,	2401,	3786),
(1771,	1772,	3788),
(1772,	1773,	3791),
(1772,	2400,	3790),
(1772,	2401,	3789),
(1773,	1774,	3792),
(1773,	2400,	3793),
(1774,	1775,	3794),
(1774,	1787,	3795),
(1774,	2400,	3796),
(1775,	1776,	3800),
(1775,	1777,	3797),
(1775,	1786,	3798),
(1775,	1787,	3799),
(1776,	1777,	3801),
(1777,	1778,	3804),
(1777,	1786,	3803),
(1777,	2405,	3802),
(1778,	1779,	3810),
(1778,	1783,	3805),
(1778,	1784,	3807),
(1778,	1785,	3806),
(1778,	1786,	3808),
(1778,	2405,	3809),
(1779,	1780,	3812),
(1779,	1783,	3811),
(1780,	1781,	3814),
(1780,	1783,	3813),
(1781,	1782,	3816),
(1781,	1783,	3815),
(1782,	1783,	3817),
(1782,	1799,	3818),
(1783,	1784,	3820),
(1783,	1798,	3819),
(1783,	1799,	3821),
(1784,	1785,	3825),
(1784,	1794,	3822),
(1784,	1795,	3823),
(1784,	1798,	3824),
(1785,	1786,	3828),
(1785,	1794,	3827),
(1785,	2399,	3826),
(1786,	1787,	3830),
(1786,	2399,	3829),
(1787,	1788,	3833),
(1787,	2399,	3832),
(1787,	2400,	3831),
(1788,	1789,	3837),
(1788,	1792,	3834),
(1788,	1793,	3835),
(1788,	2399,	3836),
(1788,	2400,	3838),
(1788,	2401,	3839),
(1789,	1791,	3840),
(1789,	1792,	3841),
(1789,	2401,	3842),
(1790,	1791,	3843),
(1790,	1796,	3844),
(1791,	1792,	3846),
(1791,	1796,	3845),
(1792,	1793,	3848),
(1792,	1796,	3847),
(1793,	1794,	3849),
(1793,	1796,	3850),
(1793,	2399,	3851),
(1794,	1795,	3852),
(1794,	1796,	3853),
(1794,	2399,	3854),
(1795,	1796,	3856),
(1795,	1797,	3855),
(1795,	1798,	3857),
(1796,	1797,	3858),
(1797,	1798,	3859),
(1798,	1799,	3860),
(1800,	1801,	3861),
(1800,	1809,	3863),
(1800,	1810,	3862),
(1801,	1807,	3865),
(1801,	1808,	3866),
(1801,	1809,	3864),
(1802,	1803,	3868),
(1802,	1807,	3867),
(1803,	1804,	3869),
(1803,	1805,	3872),
(1803,	1806,	3871),
(1803,	1981,	3870),
(1804,	1805,	3875),
(1804,	1977,	3876),
(1804,	1979,	3874),
(1804,	1981,	3873),
(1805,	1806,	3877),
(1805,	1973,	3878),
(1806,	1807,	3879),
(1806,	1814,	3880),
(1807,	1813,	3881),
(1808,	1812,	3883),
(1808,	1813,	3882),
(1809,	1810,	3884),
(1809,	1812,	3886),
(1809,	1819,	3885),
(1810,	1811,	3887),
(1810,	1819,	3888),
(1811,	1819,	3891),
(1811,	1820,	3890),
(1811,	2380,	3889),
(1812,	1818,	3892),
(1813,	1814,	3894),
(1813,	1817,	3893),
(1814,	1815,	3896),
(1814,	1816,	3897),
(1814,	1973,	3895),
(1815,	1816,	3900),
(1815,	1972,	3898),
(1815,	1973,	3899),
(1816,	1817,	3901),
(1816,	1824,	3902),
(1817,	1818,	3903),
(1817,	1824,	3904),
(1818,	1819,	3905),
(1818,	1823,	3906),
(1818,	1824,	3907),
(1819,	1822,	3908),
(1819,	1823,	3909),
(1820,	1821,	3910),
(1820,	1822,	3911),
(1821,	1822,	3914),
(1821,	1833,	3912),
(1821,	1834,	3913),
(1822,	1823,	3916),
(1822,	1831,	3917),
(1822,	1832,	3915),
(1823,	1824,	3918),
(1823,	1829,	3919),
(1823,	1830,	3920),
(1824,	1825,	3922),
(1824,	1828,	3923),
(1824,	1829,	3921),
(1825,	1826,	3924),
(1825,	1828,	3925),
(1826,	1827,	3928),
(1826,	1828,	3927),
(1826,	1971,	3929),
(1826,	1972,	3926),
(1827,	1828,	3932),
(1827,	1882,	3930),
(1827,	1883,	3933),
(1827,	1971,	3931),
(1828,	1829,	3934),
(1828,	1881,	3936),
(1828,	1882,	3935),
(1829,	1830,	3937),
(1829,	1879,	3939),
(1829,	1880,	3938),
(1829,	1881,	3940),
(1830,	1831,	3941),
(1830,	1879,	3942),
(1831,	1832,	3944),
(1831,	1876,	3945),
(1831,	1878,	3943),
(1831,	1879,	3946),
(1832,	1833,	3947),
(1832,	1878,	3948),
(1833,	1834,	3949),
(1833,	2453,	3950),
(1834,	1835,	3952),
(1834,	1837,	3951),
(1835,	1836,	3953),
(1835,	1837,	3954),
(1836,	1837,	3957),
(1836,	1839,	3956),
(1836,	1841,	3955),
(1837,	1838,	3958),
(1838,	1839,	3959),
(1838,	1848,	3960),
(1839,	1840,	3962),
(1839,	1841,	3963),
(1839,	1842,	3965),
(1839,	1845,	3961),
(1839,	1848,	3964),
(1840,	1842,	3967),
(1840,	1843,	3966),
(1840,	2344,	3968),
(1841,	1842,	3970),
(1841,	2347,	3969),
(1841,	2381,	3971),
(1842,	2344,	3973),
(1842,	2345,	3972),
(1843,	1844,	3976),
(1843,	1845,	3977),
(1843,	2331,	3975),
(1843,	2340,	3974),
(1844,	1845,	3978),
(1844,	1846,	3979),
(1844,	1847,	3981),
(1844,	2330,	3980),
(1844,	2331,	3984),
(1844,	2427,	3982),
(1844,	2430,	3983),
(1845,	1848,	3985),
(1846,	1847,	3987),
(1846,	1848,	3986),
(1846,	1850,	3988),
(1847,	1850,	3992),
(1847,	2426,	3989),
(1847,	2427,	3991),
(1847,	2428,	3990),
(1848,	1850,	3993),
(1848,	1851,	3994),
(1849,	1850,	3996),
(1849,	1852,	3997),
(1849,	1853,	3998),
(1849,	1854,	3999),
(1849,	2426,	3995),
(1850,	1851,	4001),
(1850,	1852,	4002),
(1850,	2426,	4000),
(1851,	1852,	4003),
(1852,	1859,	4005),
(1852,	1860,	4004),
(1853,	1854,	4006),
(1853,	1855,	4008),
(1853,	1859,	4007),
(1854,	1855,	4009),
(1855,	1856,	4010),
(1855,	1858,	4011),
(1855,	1859,	4012),
(1856,	1857,	4015),
(1856,	1858,	4014),
(1856,	2382,	4013),
(1857,	1858,	4018),
(1857,	1862,	4016),
(1857,	1863,	4020),
(1857,	1864,	4019),
(1857,	2454,	4017),
(1858,	1859,	4021),
(1858,	1860,	4023),
(1858,	1861,	4022),
(1858,	1862,	4024),
(1859,	1860,	4025),
(1860,	1861,	4028),
(1860,	1871,	4026),
(1860,	2452,	4027),
(1861,	1862,	4031),
(1861,	1870,	4030),
(1861,	1871,	4029),
(1861,	2455,	4032),
(1862,	2454,	4033),
(1862,	2455,	4034),
(1863,	1864,	4036),
(1863,	1865,	4035),
(1863,	1866,	4037),
(1863,	2454,	4038),
(1864,	1865,	4040),
(1864,	1906,	4041),
(1864,	2382,	4039),
(1865,	1905,	4043),
(1865,	1906,	4042),
(1866,	1867,	4045),
(1866,	1897,	4046),
(1866,	1898,	4044),
(1866,	1905,	4048),
(1866,	2454,	4047),
(1867,	1892,	4049),
(1867,	1897,	4050),
(1867,	2454,	4051),
(1868,	1869,	4053),
(1868,	1892,	4054),
(1868,	2455,	4052),
(1869,	1870,	4057),
(1869,	1873,	4056),
(1869,	1874,	4055),
(1869,	1891,	4059),
(1869,	2455,	4058),
(1870,	1871,	4061),
(1870,	1872,	4062),
(1870,	1873,	4060),
(1870,	2455,	4063),
(1871,	1872,	4064),
(1871,	2452,	4065),
(1872,	1873,	4066),
(1872,	1876,	4068),
(1872,	1877,	4067),
(1873,	1874,	4069),
(1873,	1875,	4071),
(1873,	1876,	4070),
(1874,	1891,	4073),
(1874,	2451,	4072),
(1875,	1879,	4076),
(1875,	1880,	4075),
(1875,	2451,	4074),
(1876,	1877,	4079),
(1876,	1878,	4078),
(1876,	1879,	4077),
(1877,	1878,	4080),
(1877,	2453,	4081),
(1879,	1880,	4082),
(1880,	1881,	4086),
(1880,	1885,	4083),
(1880,	1886,	4084),
(1880,	2451,	4085),
(1881,	1882,	4087),
(1881,	1885,	4088),
(1882,	1883,	4090),
(1882,	1885,	4089),
(1883,	1884,	4094),
(1883,	1952,	4093),
(1883,	1970,	4091),
(1883,	1971,	4092),
(1884,	1887,	4096),
(1884,	1951,	4095),
(1885,	1886,	4097),
(1885,	1887,	4098),
(1886,	1887,	4100),
(1886,	2451,	4099),
(1886,	2457,	4101),
(1887,	1890,	4102),
(1887,	2457,	4103),
(1888,	1890,	4104),
(1888,	1951,	4105),
(1889,	1890,	4106),
(1889,	1894,	4109),
(1889,	1934,	4110),
(1889,	1935,	4107),
(1889,	1950,	4108),
(1890,	1891,	4111),
(1890,	1893,	4113),
(1890,	2457,	4112),
(1891,	1892,	4116),
(1891,	2451,	4114),
(1891,	2457,	4115),
(1892,	1893,	4118),
(1892,	1897,	4117),
(1893,	1894,	4120),
(1893,	1895,	4121),
(1893,	1896,	4122),
(1893,	1897,	4119),
(1894,	1934,	4123),
(1895,	1896,	4126),
(1895,	1933,	4124),
(1895,	1934,	4127),
(1895,	2406,	4125),
(1896,	1897,	4128),
(1896,	1898,	4129),
(1896,	2406,	4130),
(1896,	2459,	4131),
(1897,	1898,	4132),
(1898,	1899,	4135),
(1898,	1905,	4134),
(1898,	2459,	4133),
(1899,	1900,	4136),
(1900,	1901,	4138),
(1900,	1903,	4139),
(1900,	1904,	4140),
(1900,	1909,	4141),
(1900,	2459,	4137),
(1901,	1902,	4143),
(1901,	1903,	4145),
(1901,	1918,	4142),
(1901,	2406,	4144),
(1902,	1903,	4146),
(1902,	1911,	4148),
(1902,	1918,	4149),
(1902,	2456,	4147),
(1903,	1908,	4151),
(1903,	1909,	4152),
(1903,	2384,	4150),
(1904,	1909,	4154),
(1904,	1910,	4153),
(1905,	1906,	4155),
(1905,	1910,	4156),
(1906,	1907,	4157),
(1907,	1910,	4158),
(1908,	1909,	4162),
(1908,	1910,	4161),
(1908,	2383,	4160),
(1908,	2433,	4159),
(1909,	1910,	4163),
(1911,	1917,	4165),
(1911,	2456,	4164),
(1912,	1913,	4172),
(1912,	1915,	4168),
(1912,	1916,	4170),
(1912,	1917,	4171),
(1912,	1998,	4167),
(1912,	1999,	4166),
(1912,	2456,	4169),
(1913,	1915,	4173),
(1913,	1997,	4175),
(1913,	1998,	4174),
(1914,	1915,	4178),
(1914,	1996,	4176),
(1914,	2447,	4177),
(1915,	1916,	4182),
(1915,	1922,	4181),
(1915,	1923,	4180),
(1915,	1997,	4179),
(1916,	1917,	4185),
(1916,	1921,	4184),
(1916,	1922,	4183),
(1917,	1918,	4186),
(1917,	1920,	4187),
(1918,	1919,	4190),
(1918,	1920,	4188),
(1918,	2406,	4189),
(1919,	1920,	4192),
(1919,	1933,	4193),
(1919,	2458,	4191),
(1920,	1921,	4194),
(1921,	1922,	4195),
(1921,	1930,	4196),
(1921,	2458,	4197),
(1922,	1923,	4198),
(1922,	1927,	4199),
(1922,	1928,	4200),
(1922,	1929,	4201),
(1922,	1930,	4202),
(1923,	1924,	4204),
(1923,	1927,	4203),
(1924,	1995,	4205),
(1925,	2445,	4206),
(1926,	1940,	4207),
(1927,	1928,	4208),
(1928,	1938,	4209),
(1929,	1930,	4210),
(1929,	1937,	4211),
(1930,	1931,	4212),
(1930,	1936,	4214),
(1930,	1937,	4213),
(1930,	2458,	4215),
(1931,	1932,	4218),
(1931,	1933,	4219),
(1931,	1936,	4216),
(1931,	2458,	4217),
(1932,	1933,	4221),
(1932,	1934,	4224),
(1932,	1935,	4223),
(1932,	1936,	4220),
(1932,	1948,	4222),
(1933,	1934,	4226),
(1933,	2406,	4227),
(1933,	2458,	4225),
(1934,	1935,	4228),
(1935,	1949,	4229),
(1936,	1937,	4230),
(1936,	1946,	4232),
(1936,	1948,	4231),
(1937,	1938,	4233),
(1937,	1946,	4234),
(1938,	1943,	4236),
(1938,	1944,	4235),
(1938,	1946,	4237),
(1939,	1940,	4238),
(1940,	1994,	4239),
(1941,	1993,	4240),
(1941,	1994,	4241),
(1942,	1943,	4243),
(1942,	1994,	4242),
(1944,	1945,	4244),
(1945,	1955,	4245),
(1946,	1948,	4247),
(1946,	2444,	4246),
(1947,	1948,	4250),
(1947,	1949,	4252),
(1947,	1953,	4248),
(1947,	1954,	4249),
(1947,	2444,	4251),
(1948,	1949,	4254),
(1948,	2444,	4253),
(1950,	1951,	4256),
(1950,	1953,	4255),
(1951,	1952,	4257),
(1951,	1953,	4258),
(1952,	1953,	4259),
(1952,	1962,	4260),
(1952,	1970,	4261),
(1953,	1961,	4263),
(1953,	1962,	4262),
(1954,	1956,	4265),
(1954,	1961,	4264),
(1954,	2444,	4266),
(1955,	1992,	4267),
(1956,	1957,	4268),
(1958,	1959,	4269),
(1959,	1960,	4270),
(1960,	1961,	4271),
(1961,	1962,	4272),
(1962,	1963,	4273),
(1962,	1969,	4275),
(1962,	1970,	4274),
(1963,	1964,	4276),
(1963,	1969,	4277),
(1964,	1965,	4278),
(1966,	1967,	4279),
(1967,	1989,	4280),
(1968,	2443,	4281),
(1969,	1970,	4282),
(1970,	1971,	4283),
(1970,	1974,	4284),
(1971,	1972,	4285),
(1971,	1974,	4286),
(1972,	1973,	4288),
(1972,	1974,	4289),
(1972,	1976,	4287),
(1973,	1977,	4290),
(1974,	1976,	4291),
(1975,	1976,	4292),
(1975,	1987,	4293),
(1975,	2443,	4294),
(1976,	1977,	4295),
(1976,	1978,	4296),
(1976,	1987,	4297),
(1977,	1978,	4298),
(1978,	1979,	4300),
(1978,	1987,	4299),
(1979,	1980,	4302),
(1979,	1986,	4301),
(1980,	1981,	4303),
(1980,	1982,	4304),
(1982,	1985,	4305),
(1982,	1986,	4306),
(1983,	1984,	4307),
(1983,	2403,	4308),
(1984,	1985,	4310),
(1984,	1990,	4309),
(1985,	1987,	4312),
(1985,	1988,	4311),
(1986,	1987,	4313),
(1987,	1988,	4314),
(1987,	2443,	4315),
(1989,	2443,	4316),
(1990,	1991,	4317),
(1994,	2445,	4318),
(1995,	1996,	4320),
(1995,	2447,	4319),
(1995,	2450,	4321),
(1996,	2001,	4323),
(1996,	2447,	4322),
(1997,	1998,	4325),
(1997,	2002,	4324),
(1998,	1999,	4327),
(1998,	2002,	4326),
(1998,	2003,	4328),
(1999,	2003,	4329),
(1999,	2008,	4331),
(1999,	2013,	4330),
(1999,	2456,	4332),
(2000,	2001,	4333),
(2000,	2593,	4334),
(2001,	2010,	4335),
(2002,	2003,	4336),
(2002,	2009,	4337),
(2002,	2013,	4338),
(2003,	2013,	4339),
(2004,	2005,	4340),
(2008,	2013,	4341),
(2008,	2014,	4343),
(2008,	2015,	4342),
(2009,	2012,	4345),
(2009,	2013,	4346),
(2009,	2446,	4344),
(2010,	2446,	4347),
(2011,	2012,	4352),
(2011,	2016,	4350),
(2011,	2020,	4351),
(2011,	2022,	4349),
(2011,	2446,	4348),
(2012,	2015,	4353),
(2012,	2446,	4354),
(2014,	2015,	4356),
(2014,	2016,	4357),
(2014,	2019,	4358),
(2014,	2384,	4355),
(2015,	2016,	4359),
(2016,	2018,	4361),
(2016,	2020,	4360),
(2016,	2023,	4362),
(2017,	2018,	4365),
(2017,	2019,	4366),
(2017,	2024,	4363),
(2017,	2026,	4364),
(2018,	2019,	4369),
(2018,	2023,	4368),
(2018,	2026,	4367),
(2020,	2021,	4370),
(2020,	2022,	4374),
(2020,	2023,	4373),
(2020,	2026,	4371),
(2020,	2448,	4372),
(2021,	2022,	4376),
(2021,	2027,	4377),
(2021,	2448,	4375),
(2022,	2446,	4378),
(2024,	2025,	4379),
(2024,	2026,	4381),
(2024,	2029,	4380),
(2024,	2030,	4382),
(2025,	2030,	4384),
(2025,	2433,	4383),
(2025,	2434,	4385),
(2026,	2029,	4386),
(2026,	2448,	4388),
(2026,	2449,	4387),
(2027,	2028,	4389),
(2027,	2034,	4391),
(2027,	2448,	4390),
(2028,	2032,	4392),
(2028,	2033,	4395),
(2028,	2034,	4394),
(2028,	2448,	4396),
(2028,	2449,	4393),
(2029,	2030,	4397),
(2029,	2032,	4399),
(2029,	2449,	4398),
(2030,	2031,	4401),
(2030,	2032,	4402),
(2030,	2434,	4400),
(2031,	2032,	4404),
(2031,	2036,	4406),
(2031,	2037,	4405),
(2031,	2434,	4403),
(2032,	2033,	4409),
(2032,	2037,	4408),
(2032,	2449,	4407),
(2033,	2035,	4411),
(2033,	2037,	4410),
(2033,	2038,	4412),
(2034,	2035,	4413),
(2035,	2038,	4414),
(2035,	2039,	4415),
(2036,	2037,	4418),
(2036,	2041,	4419),
(2036,	2439,	4417),
(2036,	2441,	4416),
(2037,	2038,	4420),
(2037,	2439,	4421),
(2038,	2039,	4423),
(2038,	2439,	4422),
(2039,	2040,	4424),
(2040,	2044,	4425),
(2040,	2045,	4427),
(2040,	2439,	4426),
(2041,	2042,	4430),
(2041,	2043,	4429),
(2041,	2439,	4428),
(2042,	2043,	4432),
(2042,	2441,	4431),
(2043,	2044,	4433),
(2044,	2045,	4434),
(2044,	2048,	4437),
(2044,	2049,	4435),
(2044,	2439,	4436),
(2045,	2048,	4438),
(2046,	2047,	4439),
(2046,	2594,	4440),
(2047,	2052,	4441),
(2048,	2049,	4442),
(2048,	2050,	4444),
(2048,	2051,	4443),
(2049,	2050,	4445),
(2049,	2386,	4446),
(2050,	2051,	4447),
(2050,	2056,	4448),
(2051,	2052,	4449),
(2051,	2055,	4450),
(2051,	2056,	4451),
(2052,	2053,	4452),
(2052,	2055,	4454),
(2052,	2060,	4453),
(2054,	2060,	4455),
(2055,	2058,	4457),
(2055,	2059,	4456),
(2056,	2057,	4459),
(2056,	2058,	4458),
(2057,	2058,	4461),
(2057,	2064,	4462),
(2057,	2065,	4460),
(2058,	2059,	4463),
(2058,	2063,	4464),
(2058,	2064,	4465),
(2059,	2060,	4466),
(2059,	2063,	4467),
(2059,	2437,	4468),
(2060,	2061,	4469),
(2060,	2437,	4470),
(2061,	2062,	4471),
(2063,	2064,	4474),
(2063,	2436,	4473),
(2063,	2437,	4472),
(2064,	2065,	4476),
(2064,	2066,	4475),
(2065,	2071,	4477),
(2065,	2386,	4478),
(2066,	2071,	4479),
(2067,	2068,	4481),
(2067,	2070,	4482),
(2067,	2437,	4480),
(2068,	2069,	4483),
(2069,	2070,	4484),
(2070,	2074,	4485),
(2071,	2072,	4489),
(2071,	2077,	4486),
(2071,	2078,	4487),
(2071,	2436,	4488),
(2072,	2077,	4490),
(2072,	2436,	4491),
(2073,	2081,	4492),
(2073,	2083,	4493),
(2074,	2075,	4496),
(2074,	2076,	4494),
(2074,	2436,	4495),
(2075,	2435,	4497),
(2076,	2079,	4498),
(2077,	2078,	4500),
(2077,	2079,	4499),
(2078,	2085,	4501),
(2078,	2086,	4502),
(2079,	2080,	4503),
(2080,	2081,	4505),
(2080,	2089,	4504),
(2081,	2082,	4506),
(2082,	2089,	4507),
(2082,	2090,	4508),
(2083,	2084,	4509),
(2084,	2461,	4510),
(2085,	2086,	4512),
(2085,	2102,	4513),
(2085,	2103,	4511),
(2087,	2088,	4515),
(2087,	2101,	4514),
(2088,	2100,	4516),
(2089,	2090,	4517),
(2089,	2099,	4518),
(2090,	2096,	4519),
(2090,	2098,	4520),
(2091,	2092,	4521),
(2091,	2096,	4522),
(2092,	2464,	4523),
(2093,	2094,	4524),
(2094,	2097,	4525),
(2095,	2098,	4528),
(2095,	2111,	4527),
(2095,	2112,	4526),
(2096,	2098,	4529),
(2097,	2112,	4530),
(2098,	2099,	4532),
(2098,	2109,	4533),
(2098,	2110,	4531),
(2099,	2108,	4535),
(2099,	2109,	4534),
(2100,	2101,	4536),
(2101,	2102,	4538),
(2101,	2107,	4537),
(2102,	2103,	4539),
(2102,	2106,	4540),
(2102,	2142,	4541),
(2103,	2104,	4542),
(2103,	2105,	4544),
(2103,	2106,	4543),
(2104,	2105,	4547),
(2104,	2148,	4546),
(2104,	2386,	4545),
(2104,	2463,	4548),
(2105,	2106,	4549),
(2105,	2149,	4550),
(2106,	2142,	4552),
(2106,	2149,	4551),
(2107,	2108,	4553),
(2107,	2141,	4554),
(2107,	2142,	4555),
(2108,	2135,	4556),
(2109,	2110,	4559),
(2109,	2116,	4558),
(2109,	2135,	4557),
(2110,	2111,	4560),
(2110,	2115,	4561),
(2111,	2112,	4563),
(2111,	2115,	4562),
(2113,	2114,	4564),
(2113,	2530,	4565),
(2114,	2118,	4566),
(2114,	2440,	4567),
(2115,	2117,	4568),
(2116,	2117,	4569),
(2116,	2122,	4572),
(2116,	2123,	4571),
(2116,	2135,	4570),
(2117,	2118,	4574),
(2117,	2121,	4573),
(2117,	2122,	4575),
(2118,	2119,	4576),
(2120,	2126,	4577),
(2121,	2122,	4579),
(2121,	2125,	4578),
(2122,	2123,	4582),
(2122,	2124,	4581),
(2122,	2125,	4580),
(2122,	2134,	4583),
(2123,	2134,	4585),
(2123,	2135,	4584),
(2124,	2125,	4587),
(2124,	2132,	4586),
(2124,	2134,	4589),
(2124,	2213,	4588),
(2125,	2126,	4590),
(2125,	2131,	4591),
(2125,	2132,	4592),
(2126,	2127,	4594),
(2126,	2130,	4593),
(2127,	2596,	4595),
(2128,	2129,	4596),
(2128,	2223,	4597),
(2129,	2131,	4598),
(2129,	2220,	4599),
(2131,	2132,	4601),
(2131,	2219,	4600),
(2132,	2213,	4602),
(2132,	2214,	4603),
(2133,	2134,	4608),
(2133,	2137,	4609),
(2133,	2138,	4604),
(2133,	2201,	4606),
(2133,	2206,	4607),
(2133,	2213,	4605),
(2134,	2135,	4611),
(2134,	2137,	4610),
(2135,	2136,	4612),
(2136,	2137,	4614),
(2136,	2141,	4613),
(2137,	2138,	4617),
(2137,	2140,	4615),
(2137,	2141,	4616),
(2138,	2139,	4618),
(2138,	2140,	4620),
(2138,	2201,	4619),
(2139,	2140,	4625),
(2139,	2144,	4621),
(2139,	2200,	4622),
(2139,	2201,	4624),
(2139,	2462,	4623),
(2140,	2141,	4628),
(2140,	2143,	4626),
(2140,	2144,	4627),
(2141,	2142,	4629),
(2142,	2143,	4631),
(2142,	2149,	4630),
(2143,	2144,	4633),
(2143,	2149,	4632),
(2144,	2145,	4634),
(2144,	2147,	4636),
(2144,	2149,	4637),
(2144,	2462,	4635),
(2145,	2146,	4638),
(2145,	2189,	4639),
(2146,	2147,	4640),
(2146,	2153,	4641),
(2146,	2188,	4642),
(2147,	2149,	4644),
(2147,	2151,	4643),
(2148,	2149,	4646),
(2148,	2150,	4645),
(2148,	2151,	4648),
(2148,	2463,	4647),
(2150,	2151,	4652),
(2150,	2157,	4651),
(2150,	2385,	4650),
(2150,	2386,	4649),
(2150,	2463,	4653),
(2151,	2152,	4654),
(2151,	2156,	4655),
(2152,	2153,	4658),
(2152,	2154,	4657),
(2152,	2156,	4656),
(2153,	2154,	4660),
(2153,	2181,	4659),
(2153,	2188,	4661),
(2154,	2155,	4662),
(2154,	2161,	4663),
(2155,	2156,	4666),
(2155,	2158,	4667),
(2155,	2160,	4665),
(2155,	2161,	4664),
(2156,	2157,	4668),
(2156,	2158,	4669),
(2157,	2158,	4670),
(2158,	2159,	4671),
(2158,	2160,	4672),
(2159,	2160,	4676),
(2159,	2163,	4675),
(2159,	2165,	4674),
(2159,	2166,	4673),
(2160,	2161,	4677),
(2160,	2163,	4678),
(2161,	2162,	4680),
(2161,	2181,	4679),
(2162,	2163,	4683),
(2162,	2171,	4682),
(2162,	2180,	4681),
(2163,	2164,	4684),
(2163,	2170,	4685),
(2163,	2171,	4686),
(2164,	2165,	4689),
(2164,	2169,	4687),
(2164,	2170,	4688),
(2165,	2166,	4691),
(2165,	2167,	4690),
(2166,	2167,	4692),
(2166,	2385,	4693),
(2167,	2168,	4694),
(2167,	2383,	4695),
(2168,	2169,	4697),
(2168,	2382,	4696),
(2169,	2170,	4700),
(2169,	2174,	4699),
(2169,	2175,	4698),
(2170,	2171,	4702),
(2170,	2173,	4701),
(2171,	2172,	4703),
(2171,	2173,	4704),
(2172,	2173,	4705),
(2172,	2176,	4706),
(2173,	2174,	4707),
(2173,	2176,	4708),
(2174,	2175,	4709),
(2174,	2176,	4710),
(2174,	2253,	4712),
(2174,	2255,	4711),
(2174,	2256,	4713),
(2175,	2255,	4715),
(2175,	2382,	4714),
(2176,	2177,	4716),
(2176,	2253,	4717),
(2177,	2179,	4720),
(2177,	2250,	4718),
(2177,	2253,	4719),
(2178,	2179,	4725),
(2178,	2183,	4724),
(2178,	2184,	4723),
(2178,	2249,	4722),
(2178,	2250,	4721),
(2179,	2180,	4727),
(2179,	2183,	4726),
(2180,	2181,	4729),
(2180,	2182,	4728),
(2181,	2182,	4731),
(2181,	2187,	4730),
(2181,	2188,	4732),
(2182,	2183,	4735),
(2182,	2186,	4734),
(2182,	2187,	4733),
(2182,	2192,	4736),
(2183,	2184,	4737),
(2183,	2186,	4738),
(2184,	2185,	4739),
(2184,	2186,	4740),
(2185,	2186,	4741),
(2185,	2247,	4742),
(2186,	2193,	4744),
(2186,	2194,	4743),
(2187,	2188,	4747),
(2187,	2192,	4745),
(2187,	2460,	4746),
(2188,	2189,	4748),
(2188,	2191,	4749),
(2189,	2190,	4750),
(2190,	2191,	4754),
(2190,	2199,	4751),
(2190,	2200,	4753),
(2190,	2462,	4752),
(2191,	2198,	4755),
(2191,	2460,	4756),
(2192,	2193,	4757),
(2193,	2194,	4759),
(2193,	2196,	4758),
(2193,	2460,	4760),
(2194,	2195,	4761),
(2194,	2196,	4763),
(2194,	2247,	4762),
(2195,	2196,	4767),
(2195,	2236,	4765),
(2195,	2237,	4764),
(2195,	2247,	4766),
(2196,	2197,	4770),
(2196,	2203,	4771),
(2196,	2204,	4768),
(2196,	2236,	4769),
(2197,	2198,	4773),
(2197,	2203,	4772),
(2198,	2199,	4775),
(2198,	2202,	4774),
(2199,	2200,	4776),
(2199,	2201,	4777),
(2200,	2201,	4778),
(2201,	2202,	4779),
(2201,	2206,	4780),
(2202,	2206,	4782),
(2202,	2212,	4783),
(2202,	2442,	4781),
(2203,	2204,	4785),
(2203,	2442,	4784),
(2204,	2205,	4787),
(2204,	2232,	4786),
(2205,	2207,	4790),
(2205,	2209,	4789),
(2205,	2442,	4788),
(2206,	2212,	4791),
(2206,	2213,	4792),
(2207,	2210,	4793),
(2207,	2442,	4794),
(2208,	2209,	4796),
(2208,	2231,	4795),
(2209,	2215,	4799),
(2209,	2216,	4798),
(2209,	2227,	4797),
(2210,	2211,	4800),
(2211,	2212,	4803),
(2211,	2214,	4804),
(2211,	2215,	4801),
(2211,	2442,	4802),
(2212,	2214,	4805),
(2214,	2215,	4807),
(2214,	2219,	4806),
(2215,	2216,	4810),
(2215,	2218,	4809),
(2215,	2219,	4808),
(2216,	2217,	4811),
(2216,	2218,	4812),
(2217,	2222,	4814),
(2217,	2224,	4813),
(2218,	2219,	4815),
(2220,	2221,	4816),
(2222,	2223,	4817),
(2224,	2226,	4818),
(2225,	2227,	4819),
(2227,	2229,	4820),
(2228,	2229,	4821),
(2228,	2302,	4822),
(2230,	2234,	4823),
(2231,	2232,	4824),
(2232,	2233,	4825),
(2232,	2236,	4826),
(2233,	2236,	4828),
(2233,	2238,	4827),
(2234,	2240,	4829),
(2235,	2240,	4830),
(2237,	2238,	4832),
(2237,	2244,	4831),
(2237,	2246,	4834),
(2237,	2247,	4833),
(2238,	2239,	4836),
(2238,	2244,	4835),
(2239,	2240,	4838),
(2239,	2241,	4837),
(2242,	2243,	4839),
(2242,	2245,	4840),
(2243,	2244,	4841),
(2244,	2245,	4842),
(2244,	2246,	4843),
(2245,	2271,	4844),
(2246,	2247,	4845),
(2246,	2270,	4846),
(2248,	2249,	4847),
(2248,	2268,	4848),
(2248,	2270,	4849),
(2249,	2251,	4850),
(2249,	2268,	4851),
(2250,	2251,	4852),
(2250,	2253,	4853),
(2251,	2252,	4855),
(2251,	2268,	4854),
(2252,	2253,	4857),
(2252,	2265,	4856),
(2253,	2256,	4858),
(2254,	2255,	4860),
(2254,	2258,	4861),
(2254,	2259,	4859),
(2255,	2256,	4862),
(2255,	2258,	4863),
(2256,	2257,	4864),
(2257,	2258,	4868),
(2257,	2260,	4866),
(2257,	2264,	4867),
(2257,	2265,	4865),
(2258,	2259,	4869),
(2258,	2260,	4870),
(2259,	2260,	4872),
(2259,	2431,	4871),
(2260,	2261,	4873),
(2260,	2262,	4874),
(2261,	2262,	4879),
(2261,	2278,	4875),
(2261,	2280,	4877),
(2261,	2429,	4876),
(2261,	2431,	4878),
(2262,	2263,	4882),
(2262,	2264,	4880),
(2262,	2278,	4881),
(2263,	2264,	4883),
(2263,	2266,	4885),
(2263,	2277,	4884),
(2263,	2278,	4886),
(2264,	2265,	4887),
(2265,	2266,	4888),
(2265,	2267,	4889),
(2266,	2267,	4893),
(2266,	2269,	4891),
(2266,	2275,	4892),
(2266,	2276,	4890),
(2267,	2268,	4895),
(2267,	2269,	4894),
(2268,	2270,	4896),
(2269,	2270,	4899),
(2269,	2271,	4900),
(2269,	2274,	4897),
(2269,	2275,	4898),
(2270,	2271,	4901),
(2271,	2274,	4902),
(2272,	2273,	4903),
(2273,	2274,	4905),
(2273,	2418,	4904),
(2274,	2275,	4906),
(2275,	2276,	4908),
(2275,	2287,	4907),
(2276,	2277,	4910),
(2276,	2286,	4909),
(2276,	2287,	4911),
(2277,	2278,	4913),
(2277,	2432,	4912),
(2278,	2279,	4916),
(2278,	2280,	4915),
(2278,	2432,	4914),
(2279,	2280,	4919),
(2279,	2282,	4918),
(2279,	2284,	4917),
(2279,	2432,	4920),
(2280,	2281,	4921),
(2280,	2429,	4922),
(2280,	2430,	4923),
(2281,	2282,	4924),
(2281,	2330,	4925),
(2282,	2283,	4927),
(2282,	2328,	4926),
(2283,	2284,	4930),
(2283,	2326,	4928),
(2283,	2327,	4929),
(2284,	2285,	4931),
(2284,	2286,	4932),
(2284,	2335,	4934),
(2284,	2432,	4933),
(2285,	2335,	4935),
(2286,	2287,	4936),
(2286,	2432,	4937),
(2287,	2292,	4938),
(2288,	2418,	4939),
(2289,	2290,	4941),
(2289,	2424,	4940),
(2290,	2297,	4942),
(2291,	2297,	4944),
(2291,	2421,	4943),
(2292,	2293,	4946),
(2292,	2296,	4947),
(2292,	2335,	4945),
(2293,	2296,	4951),
(2293,	2324,	4949),
(2293,	2326,	4948),
(2293,	2335,	4953),
(2293,	2336,	4950),
(2293,	2423,	4952),
(2294,	2296,	4954),
(2294,	2319,	4955),
(2295,	2298,	4958),
(2295,	2301,	4957),
(2295,	2308,	4956),
(2295,	2416,	4959),
(2296,	2297,	4960),
(2296,	2423,	4961),
(2298,	2416,	4962),
(2299,	2300,	4963),
(2299,	2416,	4964),
(2300,	2301,	4966),
(2300,	2302,	4965),
(2301,	2416,	4967),
(2303,	2304,	4968),
(2304,	2307,	4969),
(2305,	2306,	4970),
(2306,	2309,	4971),
(2307,	2308,	4972),
(2308,	2309,	4973),
(2308,	2318,	4974),
(2308,	2420,	4975),
(2309,	2310,	4976),
(2309,	2317,	4978),
(2309,	2420,	4977),
(2311,	2312,	4979),
(2312,	2313,	4981),
(2312,	2316,	4980),
(2313,	2314,	4982),
(2314,	2315,	4983),
(2314,	2374,	4984),
(2315,	2316,	4985),
(2316,	2317,	4987),
(2316,	2321,	4986),
(2317,	2420,	4988),
(2318,	2319,	4989),
(2318,	2320,	4990),
(2318,	2321,	4991),
(2319,	2320,	4993),
(2319,	2423,	4992),
(2320,	2321,	4995),
(2320,	2323,	4996),
(2320,	2324,	4997),
(2320,	2423,	4994),
(2321,	2322,	4998),
(2321,	2420,	4999),
(2322,	2323,	5003),
(2322,	2375,	5000),
(2322,	2376,	5001),
(2322,	2378,	5002),
(2323,	2324,	5005),
(2323,	2336,	5006),
(2323,	2378,	5004),
(2324,	2336,	5008),
(2324,	2423,	5007),
(2325,	2326,	5011),
(2325,	2327,	5009),
(2325,	2336,	5012),
(2325,	2337,	5013),
(2325,	2339,	5010),
(2326,	2335,	5015),
(2326,	2336,	5014),
(2327,	2328,	5017),
(2327,	2339,	5016),
(2328,	2329,	5018),
(2329,	2330,	5020),
(2329,	2339,	5019),
(2330,	2331,	5021),
(2330,	2430,	5022),
(2331,	2332,	5025),
(2331,	2340,	5023),
(2331,	2342,	5024),
(2332,	2333,	5027),
(2332,	2339,	5026),
(2332,	2342,	5028),
(2333,	2334,	5032),
(2333,	2342,	5031),
(2333,	2369,	5029),
(2333,	2379,	5030),
(2334,	2337,	5033),
(2334,	2338,	5035),
(2334,	2339,	5036),
(2334,	2379,	5034),
(2336,	2337,	5038),
(2336,	2378,	5037),
(2337,	2338,	5039),
(2337,	2378,	5040),
(2338,	2376,	5043),
(2338,	2377,	5042),
(2338,	2378,	5044),
(2338,	2379,	5041),
(2340,	2343,	5045),
(2341,	2343,	5050),
(2341,	2345,	5046),
(2341,	2346,	5047),
(2341,	2368,	5049),
(2341,	2369,	5048),
(2342,	2343,	5052),
(2342,	2369,	5051),
(2343,	2344,	5053),
(2343,	2369,	5054),
(2344,	2345,	5055),
(2345,	2346,	5057),
(2345,	2347,	5056),
(2346,	2347,	5060),
(2346,	2358,	5059),
(2346,	2368,	5061),
(2346,	2417,	5058),
(2347,	2348,	5062),
(2347,	2417,	5063),
(2348,	2349,	5065),
(2348,	2352,	5067),
(2348,	2353,	5068),
(2348,	2381,	5064),
(2348,	2417,	5066),
(2349,	2350,	5070),
(2349,	2351,	5069),
(2349,	2352,	5071),
(2352,	2353,	5072),
(2353,	2354,	5073),
(2353,	2357,	5075),
(2353,	2417,	5074),
(2354,	2355,	5077),
(2354,	2357,	5076),
(2355,	2356,	5079),
(2355,	2357,	5078),
(2356,	2357,	5081),
(2356,	2360,	5080),
(2357,	2358,	5083),
(2357,	2417,	5082),
(2358,	2359,	5085),
(2358,	2367,	5086),
(2358,	2368,	5084),
(2358,	2417,	5087),
(2359,	2360,	5088),
(2359,	2367,	5089),
(2360,	2361,	5090),
(2360,	2366,	5091),
(2361,	2362,	5093),
(2361,	2365,	5094),
(2361,	2366,	5095),
(2361,	2422,	5092),
(2362,	2363,	5096),
(2364,	2365,	5097),
(2366,	2367,	5099),
(2366,	2371,	5098),
(2367,	2368,	5100),
(2367,	2370,	5101),
(2368,	2369,	5103),
(2368,	2370,	5102),
(2369,	2370,	5105),
(2369,	2379,	5104),
(2370,	2371,	5106),
(2370,	2377,	5108),
(2370,	2379,	5107),
(2371,	2372,	5109),
(2371,	2377,	5110),
(2372,	2373,	5112),
(2372,	2376,	5113),
(2372,	2377,	5114),
(2372,	2419,	5111),
(2373,	2374,	5115),
(2373,	2376,	5116),
(2374,	2415,	5117),
(2376,	2377,	5118),
(2376,	2378,	5119),
(2377,	2379,	5120),
(2380,	2381,	5121),
(2382,	2383,	5122),
(2382,	2428,	5123),
(2383,	2385,	5125),
(2383,	2433,	5124),
(2384,	2433,	5126),
(2385,	2386,	5127),
(2385,	2441,	5128),
(2386,	2441,	5129),
(2389,	2390,	5130),
(2406,	2459,	5131),
(2412,	2413,	5132),
(2421,	2425,	5133),
(2424,	2425,	5134),
(2426,	2428,	5135),
(2427,	2428,	5138),
(2427,	2429,	5136),
(2427,	2430,	5137),
(2428,	2429,	5139),
(2428,	2431,	5140),
(2429,	2430,	5142),
(2429,	2431,	5141),
(2434,	2441,	5143),
(2437,	2438,	5144),
(2448,	2449,	5145),
(2466,	2467,	5146),
(2474,	2475,	5147),
(2474,	2477,	5148),
(2475,	2476,	5149),
(2476,	2477,	5150),
(2476,	2490,	5151),
(2477,	2490,	5152),
(2504,	2505,	5153),
(2509,	2539,	5154),
(2512,	2513,	5155),
(2520,	2521,	5156),
(2520,	2540,	5157),
(2524,	2542,	5158),
(2525,	2537,	5159),
(2525,	2552,	5160),
(2526,	2526,	5162),
(2526,	2540,	5161),
(2527,	2544,	5163),
(2531,	2532,	5164),
(2531,	2533,	5165),
(2532,	2533,	5166),
(2534,	2535,	5167),
(2534,	2536,	5168),
(2535,	2536,	5169),
(2538,	2547,	5170),
(2544,	2545,	5171),
(2545,	2546,	5172),
(2557,	2561,	5173),
(2563,	2564,	5174),
(2564,	2566,	5175),
(2564,	2570,	5176),
(2566,	2567,	5177),
(2570,	2571,	5178),
(2576,	2588,	5179),
(2576,	2590,	5180),
(2579,	2580,	5181),
(2583,	2589,	5182),
(2595,	2596,	5183);

DROP TABLE IF EXISTS `node`;
CREATE TABLE `node` (
  `id` int(10) unsigned NOT NULL DEFAULT '0',
  PRIMARY KEY (`id`)
) ENGINE=InnoDB DEFAULT CHARSET=latin1;

INSERT INTO `node` (`id`) VALUES
(0),
(1),
(2),
(3),
(4),
(5),
(6),
(7),
(8),
(9),
(10),
(11),
(12),
(13),
(14),
(15),
(16),
(17),
(18),
(19),
(20),
(21),
(22),
(23),
(24),
(25),
(26),
(27),
(28),
(29),
(30),
(31),
(32),
(33),
(34),
(35),
(36),
(37),
(38),
(39),
(40),
(41),
(42),
(43),
(44),
(45),
(46),
(47),
(48),
(49),
(50),
(51),
(52),
(53),
(54),
(55),
(56),
(57),
(58),
(59),
(60),
(61),
(62),
(63),
(64),
(65),
(66),
(67),
(68),
(69),
(70),
(71),
(72),
(73),
(74),
(75),
(76),
(77),
(78),
(79),
(80),
(81),
(82),
(83),
(84),
(85),
(86),
(87),
(88),
(89),
(90),
(91),
(92),
(93),
(94),
(95),
(96),
(97),
(98),
(99),
(100),
(101),
(102),
(103),
(104),
(105),
(106),
(107),
(108),
(109),
(110),
(111),
(112),
(113),
(114),
(115),
(116),
(117),
(118),
(119),
(120),
(121),
(122),
(123),
(124),
(125),
(126),
(127),
(128),
(129),
(130),
(131),
(132),
(133),
(134),
(135),
(136),
(137),
(138),
(139),
(140),
(141),
(142),
(143),
(144),
(145),
(146),
(147),
(148),
(149),
(150),
(151),
(152),
(153),
(154),
(155),
(156),
(157),
(158),
(159),
(160),
(161),
(162),
(163),
(164),
(165),
(166),
(167),
(168),
(169),
(170),
(171),
(172),
(173),
(174),
(175),
(176),
(177),
(178),
(179),
(180),
(181),
(182),
(183),
(184),
(185),
(186),
(187),
(188),
(189),
(190),
(191),
(192),
(193),
(194),
(195),
(196),
(197),
(198),
(199),
(200),
(201),
(202),
(203),
(204),
(205),
(206),
(207),
(208),
(209),
(210),
(211),
(212),
(213),
(214),
(215),
(216),
(217),
(218),
(219),
(220),
(221),
(222),
(223),
(224),
(225),
(226),
(227),
(228),
(229),
(230),
(231),
(232),
(233),
(234),
(235),
(236),
(237),
(238),
(239),
(240),
(241),
(242),
(243),
(244),
(245),
(246),
(247),
(248),
(249),
(250),
(251),
(252),
(253),
(254),
(255),
(256),
(257),
(258),
(259),
(260),
(261),
(262),
(263),
(264),
(265),
(266),
(267),
(268),
(269),
(270),
(271),
(272),
(273),
(274),
(275),
(276),
(277),
(278),
(279),
(280),
(281),
(282),
(283),
(284),
(285),
(286),
(287),
(288),
(289),
(290),
(291),
(292),
(293),
(294),
(295),
(296),
(297),
(298),
(299),
(300),
(301),
(302),
(303),
(304),
(305),
(306),
(307),
(308),
(309),
(310),
(311),
(312),
(313),
(314),
(315),
(316),
(317),
(318),
(319),
(320),
(321),
(322),
(323),
(324),
(325),
(326),
(327),
(328),
(329),
(330),
(331),
(332),
(333),
(334),
(335),
(336),
(337),
(338),
(339),
(340),
(341),
(342),
(343),
(344),
(345),
(346),
(347),
(348),
(349),
(350),
(351),
(352),
(353),
(354),
(355),
(356),
(357),
(358),
(359),
(360),
(361),
(362),
(363),
(364),
(365),
(366),
(367),
(368),
(369),
(370),
(371),
(372),
(373),
(374),
(375),
(376),
(377),
(378),
(379),
(380),
(381),
(382),
(383),
(384),
(385),
(386),
(387),
(388),
(389),
(390),
(391),
(392),
(393),
(394),
(395),
(396),
(397),
(398),
(399),
(400),
(401),
(402),
(403),
(404),
(405),
(406),
(407),
(408),
(409),
(410),
(411),
(412),
(413),
(414),
(415),
(416),
(417),
(418),
(419),
(420),
(421),
(422),
(423),
(424),
(425),
(426),
(427),
(428),
(429),
(430),
(431),
(432),
(433),
(434),
(435),
(436),
(437),
(438),
(439),
(440),
(441),
(442),
(443),
(444),
(445),
(446),
(447),
(448),
(449),
(450),
(451),
(452),
(453),
(454),
(455),
(456),
(457),
(458),
(459),
(460),
(461),
(462),
(463),
(464),
(465),
(466),
(467),
(468),
(469),
(470),
(471),
(472),
(473),
(474),
(475),
(476),
(477),
(478),
(479),
(480),
(481),
(482),
(483),
(484),
(485),
(486),
(487),
(488),
(489),
(490),
(491),
(492),
(493),
(494),
(495),
(496),
(497),
(498),
(499),
(500),
(501),
(502),
(503),
(504),
(505),
(506),
(507),
(508),
(509),
(510),
(511),
(512),
(513),
(514),
(515),
(516),
(517),
(518),
(519),
(520),
(521),
(522),
(523),
(524),
(525),
(526),
(527),
(528),
(529),
(530),
(531),
(532),
(533),
(534),
(535),
(536),
(537),
(538),
(539),
(540),
(541),
(542),
(543),
(544),
(545),
(546),
(547),
(548),
(549),
(550),
(551),
(552),
(553),
(554),
(555),
(556),
(557),
(558),
(559),
(560),
(561),
(562),
(563),
(564),
(565),
(566),
(567),
(568),
(569),
(570),
(571),
(572),
(573),
(574),
(575),
(576),
(577),
(578),
(579),
(580),
(581),
(582),
(583),
(584),
(585),
(586),
(587),
(588),
(589),
(590),
(591),
(592),
(593),
(594),
(595),
(596),
(597),
(598),
(599),
(600),
(601),
(602),
(603),
(604),
(605),
(606),
(607),
(608),
(609),
(610),
(611),
(612),
(613),
(614),
(615),
(616),
(617),
(618),
(619),
(620),
(621),
(622),
(623),
(624),
(625),
(626),
(627),
(628),
(629),
(630),
(631),
(632),
(633),
(634),
(635),
(636),
(637),
(638),
(639),
(640),
(641),
(642),
(643),
(644),
(645),
(646),
(647),
(648),
(649),
(650),
(651),
(652),
(653),
(654),
(655),
(656),
(657),
(658),
(659),
(660),
(661),
(662),
(663),
(664),
(665),
(666),
(667),
(668),
(669),
(670),
(671),
(672),
(673),
(674),
(675),
(676),
(677),
(678),
(679),
(680),
(681),
(682),
(683),
(684),
(685),
(686),
(687),
(688),
(689),
(690),
(691),
(692),
(693),
(694),
(695),
(696),
(697),
(698),
(699),
(700),
(701),
(702),
(703),
(704),
(705),
(706),
(707),
(708),
(709),
(710),
(711),
(712),
(713),
(714),
(715),
(716),
(717),
(718),
(719),
(720),
(721),
(722),
(723),
(724),
(725),
(726),
(727),
(728),
(729),
(730),
(731),
(732),
(733),
(734),
(735),
(736),
(737),
(738),
(739),
(740),
(741),
(742),
(743),
(744),
(745),
(746),
(747),
(748),
(749),
(750),
(751),
(752),
(753),
(754),
(755),
(756),
(757),
(758),
(759),
(760),
(761),
(762),
(763),
(764),
(765),
(766),
(767),
(768),
(769),
(770),
(771),
(772),
(773),
(774),
(775),
(776),
(777),
(778),
(779),
(780),
(781),
(782),
(783),
(784),
(785),
(786),
(787),
(788),
(789),
(790),
(791),
(792),
(793),
(794),
(795),
(796),
(797),
(798),
(799),
(800),
(801),
(802),
(803),
(804),
(805),
(806),
(807),
(808),
(809),
(810),
(811),
(812),
(813),
(814),
(815),
(816),
(817),
(818),
(819),
(820),
(821),
(822),
(823),
(824),
(825),
(826),
(827),
(828),
(829),
(830),
(831),
(832),
(833),
(834),
(835),
(836),
(837),
(838),
(839),
(840),
(841),
(842),
(843),
(844),
(845),
(846),
(847),
(848),
(849),
(850),
(851),
(852),
(853),
(854),
(855),
(856),
(857),
(858),
(859),
(860),
(861),
(862),
(863),
(864),
(865),
(866),
(867),
(868),
(869),
(870),
(871),
(872),
(873),
(874),
(875),
(876),
(877),
(878),
(879),
(880),
(881),
(882),
(883),
(884),
(885),
(886),
(887),
(888),
(889),
(890),
(891),
(892),
(893),
(894),
(895),
(896),
(897),
(898),
(899),
(900),
(901),
(902),
(903),
(904),
(905),
(906),
(907),
(908),
(909),
(910),
(911),
(912),
(913),
(914),
(915),
(916),
(917),
(918),
(919),
(920),
(921),
(922),
(923),
(924),
(925),
(926),
(927),
(928),
(929),
(930),
(931),
(932),
(933),
(934),
(935),
(936),
(937),
(938),
(939),
(940),
(941),
(942),
(943),
(944),
(945),
(946),
(947),
(948),
(949),
(950),
(951),
(952),
(953),
(954),
(955),
(956),
(957),
(958),
(959),
(960),
(961),
(962),
(963),
(964),
(965),
(966),
(967),
(968),
(969),
(970),
(971),
(972),
(973),
(974),
(975),
(976),
(977),
(978),
(979),
(980),
(981),
(982),
(983),
(984),
(985),
(986),
(987),
(988),
(989),
(990),
(991),
(992),
(993),
(994),
(995),
(996),
(997),
(998),
(999),
(1000),
(1001),
(1002),
(1003),
(1004),
(1005),
(1006),
(1007),
(1008),
(1009),
(1010),
(1011),
(1012),
(1013),
(1014),
(1015),
(1016),
(1017),
(1018),
(1019),
(1020),
(1021),
(1022),
(1023),
(1024),
(1025),
(1026),
(1027),
(1028),
(1029),
(1030),
(1031),
(1032),
(1033),
(1034),
(1035),
(1036),
(1037),
(1038),
(1039),
(1040),
(1041),
(1042),
(1043),
(1044),
(1045),
(1046),
(1047),
(1048),
(1049),
(1050),
(1051),
(1052),
(1053),
(1054),
(1055),
(1056),
(1057),
(1058),
(1059),
(1060),
(1061),
(1062),
(1063),
(1064),
(1065),
(1066),
(1067),
(1068),
(1069),
(1070),
(1071),
(1072),
(1073),
(1074),
(1075),
(1076),
(1077),
(1078),
(1079),
(1080),
(1081),
(1082),
(1083),
(1084),
(1085),
(1086),
(1087),
(1088),
(1089),
(1090),
(1091),
(1092),
(1093),
(1094),
(1095),
(1096),
(1097),
(1098),
(1099),
(1100),
(1101),
(1102),
(1103),
(1104),
(1105),
(1106),
(1107),
(1108),
(1109),
(1110),
(1111),
(1112),
(1113),
(1114),
(1115),
(1116),
(1117),
(1118),
(1119),
(1120),
(1121),
(1122),
(1123),
(1124),
(1125),
(1126),
(1127),
(1128),
(1129),
(1130),
(1131),
(1132),
(1133),
(1134),
(1135),
(1136),
(1137),
(1138),
(1139),
(1140),
(1141),
(1142),
(1143),
(1144),
(1145),
(1146),
(1147),
(1148),
(1149),
(1150),
(1151),
(1152),
(1153),
(1154),
(1155),
(1156),
(1157),
(1158),
(1159),
(1160),
(1161),
(1162),
(1163),
(1164),
(1165),
(1166),
(1167),
(1168),
(1169),
(1170),
(1171),
(1172),
(1173),
(1174),
(1175),
(1176),
(1177),
(1178),
(1179),
(1180),
(1181),
(1182),
(1183),
(1184),
(1185),
(1186),
(1187),
(1188),
(1189),
(1190),
(1191),
(1192),
(1193),
(1194),
(1195),
(1196),
(1197),
(1198),
(1199),
(1200),
(1201),
(1202),
(1203),
(1204),
(1205),
(1206),
(1207),
(1208),
(1209),
(1210),
(1211),
(1212),
(1213),
(1214),
(1215),
(1216),
(1217),
(1218),
(1219),
(1220),
(1221),
(1222),
(1223),
(1224),
(1225),
(1226),
(1227),
(1228),
(1229),
(1230),
(1231),
(1232),
(1233),
(1234),
(1235),
(1236),
(1237),
(1238),
(1239),
(1240),
(1241),
(1242),
(1243),
(1244),
(1245),
(1246),
(1247),
(1248),
(1249),
(1250),
(1251),
(1252),
(1253),
(1254),
(1255),
(1256),
(1257),
(1258),
(1259),
(1260),
(1261),
(1262),
(1263),
(1264),
(1265),
(1266),
(1267),
(1268),
(1269),
(1270),
(1271),
(1272),
(1273),
(1274),
(1275),
(1276),
(1277),
(1278),
(1279),
(1280),
(1281),
(1282),
(1283),
(1284),
(1285),
(1286),
(1287),
(1288),
(1289),
(1290),
(1291),
(1292),
(1293),
(1294),
(1295),
(1296),
(1297),
(1298),
(1299),
(1300),
(1301),
(1302),
(1303),
(1304),
(1305),
(1306),
(1307),
(1308),
(1309),
(1310),
(1311),
(1312),
(1313),
(1314),
(1315),
(1316),
(1317),
(1318),
(1319),
(1320),
(1321),
(1322),
(1323),
(1324),
(1325),
(1326),
(1327),
(1328),
(1329),
(1330),
(1331),
(1332),
(1333),
(1334),
(1335),
(1336),
(1337),
(1338),
(1339),
(1340),
(1341),
(1342),
(1343),
(1344),
(1345),
(1346),
(1347),
(1348),
(1349),
(1350),
(1351),
(1352),
(1353),
(1354),
(1355),
(1356),
(1357),
(1358),
(1359),
(1360),
(1361),
(1362),
(1363),
(1364),
(1365),
(1366),
(1367),
(1368),
(1369),
(1370),
(1371),
(1372),
(1373),
(1374),
(1375),
(1376),
(1377),
(1378),
(1379),
(1380),
(1381),
(1382),
(1383),
(1384),
(1385),
(1386),
(1387),
(1388),
(1389),
(1390),
(1391),
(1392),
(1393),
(1394),
(1395),
(1396),
(1397),
(1398),
(1399),
(1400),
(1401),
(1402),
(1403),
(1404),
(1405),
(1406),
(1407),
(1408),
(1409),
(1410),
(1411),
(1412),
(1413),
(1414),
(1415),
(1416),
(1417),
(1418),
(1419),
(1420),
(1421),
(1422),
(1423),
(1424),
(1425),
(1426),
(1427),
(1428),
(1429),
(1430),
(1431),
(1432),
(1433),
(1434),
(1435),
(1436),
(1437),
(1438),
(1439),
(1440),
(1441),
(1442),
(1443),
(1444),
(1445),
(1446),
(1447),
(1448),
(1449),
(1450),
(1451),
(1452),
(1453),
(1454),
(1455),
(1456),
(1457),
(1458),
(1459),
(1460),
(1461),
(1462),
(1463),
(1464),
(1465),
(1466),
(1467),
(1468),
(1469),
(1470),
(1471),
(1472),
(1473),
(1474),
(1475),
(1476),
(1477),
(1478),
(1479),
(1480),
(1481),
(1482),
(1483),
(1484),
(1485),
(1486),
(1487),
(1488),
(1489),
(1490),
(1491),
(1492),
(1493),
(1494),
(1495),
(1496),
(1497),
(1498),
(1499),
(1500),
(1501),
(1502),
(1503),
(1504),
(1505),
(1506),
(1507),
(1508),
(1509),
(1510),
(1511),
(1512),
(1513),
(1514),
(1515),
(1516),
(1517),
(1518),
(1519),
(1520),
(1521),
(1522),
(1523),
(1524),
(1525),
(1526),
(1527),
(1528),
(1529),
(1530),
(1531),
(1532),
(1533),
(1534),
(1535),
(1536),
(1537),
(1538),
(1539),
(1540),
(1541),
(1542),
(1543),
(1544),
(1545),
(1546),
(1547),
(1548),
(1549),
(1550),
(1551),
(1552),
(1553),
(1554),
(1555),
(1556),
(1557),
(1558),
(1559),
(1560),
(1561),
(1562),
(1563),
(1564),
(1565),
(1566),
(1567),
(1568),
(1569),
(1570),
(1571),
(1572),
(1573),
(1574),
(1575),
(1576),
(1577),
(1578),
(1579),
(1580),
(1581),
(1582),
(1583),
(1584),
(1585),
(1586),
(1587),
(1588),
(1589),
(1590),
(1591),
(1592),
(1593),
(1594),
(1595),
(1596),
(1597),
(1598),
(1599),
(1600),
(1601),
(1602),
(1603),
(1604),
(1605),
(1606),
(1607),
(1608),
(1609),
(1610),
(1611),
(1612),
(1613),
(1614),
(1615),
(1616),
(1617),
(1618),
(1619),
(1620),
(1621),
(1622),
(1623),
(1624),
(1625),
(1626),
(1627),
(1628),
(1629),
(1630),
(1631),
(1632),
(1633),
(1634),
(1635),
(1636),
(1637),
(1638),
(1639),
(1640),
(1641),
(1642),
(1643),
(1644),
(1645),
(1646),
(1647),
(1648),
(1649),
(1650),
(1651),
(1652),
(1653),
(1654),
(1655),
(1656),
(1657),
(1658),
(1659),
(1660),
(1661),
(1662),
(1663),
(1664),
(1665),
(1666),
(1667),
(1668),
(1669),
(1670),
(1671),
(1672),
(1673),
(1674),
(1675),
(1676),
(1677),
(1678),
(1679),
(1680),
(1681),
(1682),
(1683),
(1684),
(1685),
(1686),
(1687),
(1688),
(1689),
(1690),
(1691),
(1692),
(1693),
(1694),
(1695),
(1696),
(1697),
(1698),
(1699),
(1700),
(1701),
(1702),
(1703),
(1704),
(1705),
(1706),
(1707),
(1708),
(1709),
(1710),
(1711),
(1712),
(1713),
(1714),
(1715),
(1716),
(1717),
(1718),
(1719),
(1720),
(1721),
(1722),
(1723),
(1724),
(1725),
(1726),
(1727),
(1728),
(1729),
(1730),
(1731),
(1732),
(1733),
(1734),
(1735),
(1736),
(1737),
(1738),
(1739),
(1740),
(1741),
(1742),
(1743),
(1744),
(1745),
(1746),
(1747),
(1748),
(1749),
(1750),
(1751),
(1752),
(1753),
(1754),
(1755),
(1756),
(1757),
(1758),
(1759),
(1760),
(1761),
(1762),
(1763),
(1764),
(1765),
(1766),
(1767),
(1768),
(1769),
(1770),
(1771),
(1772),
(1773),
(1774),
(1775),
(1776),
(1777),
(1778),
(1779),
(1780),
(1781),
(1782),
(1783),
(1784),
(1785),
(1786),
(1787),
(1788),
(1789),
(1790),
(1791),
(1792),
(1793),
(1794),
(1795),
(1796),
(1797),
(1798),
(1799),
(1800),
(1801),
(1802),
(1803),
(1804),
(1805),
(1806),
(1807),
(1808),
(1809),
(1810),
(1811),
(1812),
(1813),
(1814),
(1815),
(1816),
(1817),
(1818),
(1819),
(1820),
(1821),
(1822),
(1823),
(1824),
(1825),
(1826),
(1827),
(1828),
(1829),
(1830),
(1831),
(1832),
(1833),
(1834),
(1835),
(1836),
(1837),
(1838),
(1839),
(1840),
(1841),
(1842),
(1843),
(1844),
(1845),
(1846),
(1847),
(1848),
(1849),
(1850),
(1851),
(1852),
(1853),
(1854),
(1855),
(1856),
(1857),
(1858),
(1859),
(1860),
(1861),
(1862),
(1863),
(1864),
(1865),
(1866),
(1867),
(1868),
(1869),
(1870),
(1871),
(1872),
(1873),
(1874),
(1875),
(1876),
(1877),
(1878),
(1879),
(1880),
(1881),
(1882),
(1883),
(1884),
(1885),
(1886),
(1887),
(1888),
(1889),
(1890),
(1891),
(1892),
(1893),
(1894),
(1895),
(1896),
(1897),
(1898),
(1899),
(1900),
(1901),
(1902),
(1903),
(1904),
(1905),
(1906),
(1907),
(1908),
(1909),
(1910),
(1911),
(1912),
(1913),
(1914),
(1915),
(1916),
(1917),
(1918),
(1919),
(1920),
(1921),
(1922),
(1923),
(1924),
(1925),
(1926),
(1927),
(1928),
(1929),
(1930),
(1931),
(1932),
(1933),
(1934),
(1935),
(1936),
(1937),
(1938),
(1939),
(1940),
(1941),
(1942),
(1943),
(1944),
(1945),
(1946),
(1947),
(1948),
(1949),
(1950),
(1951),
(1952),
(1953),
(1954),
(1955),
(1956),
(1957),
(1958),
(1959),
(1960),
(1961),
(1962),
(1963),
(1964),
(1965),
(1966),
(1967),
(1968),
(1969),
(1970),
(1971),
(1972),
(1973),
(1974),
(1975),
(1976),
(1977),
(1978),
(1979),
(1980),
(1981),
(1982),
(1983),
(1984),
(1985),
(1986),
(1987),
(1988),
(1989),
(1990),
(1991),
(1992),
(1993),
(1994),
(1995),
(1996),
(1997),
(1998),
(1999),
(2000),
(2001),
(2002),
(2003),
(2004),
(2005),
(2006),
(2007),
(2008),
(2009),
(2010),
(2011),
(2012),
(2013),
(2014),
(2015),
(2016),
(2017),
(2018),
(2019),
(2020),
(2021),
(2022),
(2023),
(2024),
(2025),
(2026),
(2027),
(2028),
(2029),
(2030),
(2031),
(2032),
(2033),
(2034),
(2035),
(2036),
(2037),
(2038),
(2039),
(2040),
(2041),
(2042),
(2043),
(2044),
(2045),
(2046),
(2047),
(2048),
(2049),
(2050),
(2051),
(2052),
(2053),
(2054),
(2055),
(2056),
(2057),
(2058),
(2059),
(2060),
(2061),
(2062),
(2063),
(2064),
(2065),
(2066),
(2067),
(2068),
(2069),
(2070),
(2071),
(2072),
(2073),
(2074),
(2075),
(2076),
(2077),
(2078),
(2079),
(2080),
(2081),
(2082),
(2083),
(2084),
(2085),
(2086),
(2087),
(2088),
(2089),
(2090),
(2091),
(2092),
(2093),
(2094),
(2095),
(2096),
(2097),
(2098),
(2099),
(2100),
(2101),
(2102),
(2103),
(2104),
(2105),
(2106),
(2107),
(2108),
(2109),
(2110),
(2111),
(2112),
(2113),
(2114),
(2115),
(2116),
(2117),
(2118),
(2119),
(2120),
(2121),
(2122),
(2123),
(2124),
(2125),
(2126),
(2127),
(2128),
(2129),
(2130),
(2131),
(2132),
(2133),
(2134),
(2135),
(2136),
(2137),
(2138),
(2139),
(2140),
(2141),
(2142),
(2143),
(2144),
(2145),
(2146),
(2147),
(2148),
(2149),
(2150),
(2151),
(2152),
(2153),
(2154),
(2155),
(2156),
(2157),
(2158),
(2159),
(2160),
(2161),
(2162),
(2163),
(2164),
(2165),
(2166),
(2167),
(2168),
(2169),
(2170),
(2171),
(2172),
(2173),
(2174),
(2175),
(2176),
(2177),
(2178),
(2179),
(2180),
(2181),
(2182),
(2183),
(2184),
(2185),
(2186),
(2187),
(2188),
(2189),
(2190),
(2191),
(2192),
(2193),
(2194),
(2195),
(2196),
(2197),
(2198),
(2199),
(2200),
(2201),
(2202),
(2203),
(2204),
(2205),
(2206),
(2207),
(2208),
(2209),
(2210),
(2211),
(2212),
(2213),
(2214),
(2215),
(2216),
(2217),
(2218),
(2219),
(2220),
(2221),
(2222),
(2223),
(2224),
(2225),
(2226),
(2227),
(2228),
(2229),
(2230),
(2231),
(2232),
(2233),
(2234),
(2235),
(2236),
(2237),
(2238),
(2239),
(2240),
(2241),
(2242),
(2243),
(2244),
(2245),
(2246),
(2247),
(2248),
(2249),
(2250),
(2251),
(2252),
(2253),
(2254),
(2255),
(2256),
(2257),
(2258),
(2259),
(2260),
(2261),
(2262),
(2263),
(2264),
(2265),
(2266),
(2267),
(2268),
(2269),
(2270),
(2271),
(2272),
(2273),
(2274),
(2275),
(2276),
(2277),
(2278),
(2279),
(2280),
(2281),
(2282),
(2283),
(2284),
(2285),
(2286),
(2287),
(2288),
(2289),
(2290),
(2291),
(2292),
(2293),
(2294),
(2295),
(2296),
(2297),
(2298),
(2299),
(2300),
(2301),
(2302),
(2303),
(2304),
(2305),
(2306),
(2307),
(2308),
(2309),
(2310),
(2311),
(2312),
(2313),
(2314),
(2315),
(2316),
(2317),
(2318),
(2319),
(2320),
(2321),
(2322),
(2323),
(2324),
(2325),
(2326),
(2327),
(2328),
(2329),
(2330),
(2331),
(2332),
(2333),
(2334),
(2335),
(2336),
(2337),
(2338),
(2339),
(2340),
(2341),
(2342),
(2343),
(2344),
(2345),
(2346),
(2347),
(2348),
(2349),
(2350),
(2351),
(2352),
(2353),
(2354),
(2355),
(2356),
(2357),
(2358),
(2359),
(2360),
(2361),
(2362),
(2363),
(2364),
(2365),
(2366),
(2367),
(2368),
(2369),
(2370),
(2371),
(2372),
(2373),
(2374),
(2375),
(2376),
(2377),
(2378),
(2379),
(2380),
(2381),
(2382),
(2383),
(2384),
(2385),
(2386),
(2387),
(2388),
(2389),
(2390),
(2391),
(2392),
(2393),
(2394),
(2395),
(2396),
(2397),
(2398),
(2399),
(2400),
(2401),
(2402),
(2403),
(2404),
(2405),
(2406),
(2407),
(2408),
(2409),
(2410),
(2411),
(2412),
(2413),
(2414),
(2415),
(2416),
(2417),
(2418),
(2419),
(2420),
(2421),
(2422),
(2423),
(2424),
(2425),
(2426),
(2427),
(2428),
(2429),
(2430),
(2431),
(2432),
(2433),
(2434),
(2435),
(2436),
(2437),
(2438),
(2439),
(2440),
(2441),
(2442),
(2443),
(2444),
(2445),
(2446),
(2447),
(2448),
(2449),
(2450),
(2451),
(2452),
(2453),
(2454),
(2455),
(2456),
(2457),
(2458),
(2459),
(2460),
(2461),
(2462),
(2463),
(2464),
(2465),
(2466),
(2467),
(2468),
(2469),
(2470),
(2471),
(2472),
(2473),
(2474),
(2475),
(2476),
(2477),
(2478),
(2479),
(2480),
(2481),
(2482),
(2483),
(2484),
(2485),
(2486),
(2487),
(2488),
(2489),
(2490),
(2491),
(2492),
(2493),
(2494),
(2495),
(2496),
(2497),
(2498),
(2499),
(2500),
(2501),
(2502),
(2503),
(2504),
(2505),
(2506),
(2507),
(2508),
(2509),
(2510),
(2511),
(2512),
(2513),
(2514),
(2515),
(2516),
(2517),
(2518),
(2519),
(2520),
(2521),
(2522),
(2523),
(2524),
(2525),
(2526),
(2527),
(2528),
(2529),
(2530),
(2531),
(2532),
(2533),
(2534),
(2535),
(2536),
(2537),
(2538),
(2539),
(2540),
(2541),
(2542),
(2543),
(2544),
(2545),
(2546),
(2547),
(2548),
(2549),
(2550),
(2551),
(2552),
(2553),
(2554),
(2555),
(2556),
(2557),
(2558),
(2559),
(2560),
(2561),
(2562),
(2563),
(2564),
(2565),
(2566),
(2567),
(2568),
(2569),
(2570),
(2571),
(2572),
(2573),
(2574),
(2575),
(2576),
(2577),
(2578),
(2579),
(2580),
(2581),
(2582),
(2583),
(2584),
(2585),
(2586),
(2587),
(2588),
(2589),
(2590),
(2591),
(2592),
(2593),
(2594),
(2595),
(2596);

DROP TABLE IF EXISTS `results`;
CREATE TABLE `results` (
  `score_id` int(10) unsigned NOT NULL DEFAULT '0',
  `node_id` int(10) unsigned NOT NULL DEFAULT '0',
  PRIMARY KEY (`score_id`,`node_id`),
  KEY `FK_results_1` (`node_id`),
  CONSTRAINT `FK_results_1` FOREIGN KEY (`node_id`) REFERENCES `node` (`id`),
  CONSTRAINT `FK_results_2` FOREIGN KEY (`score_id`) REFERENCES `score` (`id`) ON DELETE CASCADE ON UPDATE CASCADE
) ENGINE=InnoDB DEFAULT CHARSET=latin1;

INSERT INTO `results` (`score_id`, `node_id`) VALUES
(1,	0),
(1,	1),
(1,	2),
(1,	3),
(1,	4),
(1,	5),
(1,	6),
(1,	7),
(1,	8),
(1,	9),
(1,	10),
(1,	11),
(1,	12),
(1,	13),
(1,	14),
(1,	15),
(1,	16),
(1,	17),
(1,	18),
(1,	19),
(1,	20),
(1,	21),
(1,	22),
(1,	23),
(1,	24),
(1,	25),
(1,	26),
(1,	27),
(1,	28),
(1,	29),
(1,	30),
(1,	31),
(1,	32),
(1,	33),
(1,	34),
(1,	35),
(1,	36),
(1,	37),
(1,	38),
(1,	39),
(1,	40),
(1,	41),
(1,	42),
(1,	43),
(1,	44),
(1,	45),
(1,	46),
(1,	47),
(1,	48),
(1,	49),
(1,	50),
(1,	51),
(1,	52),
(1,	53),
(1,	54),
(1,	55),
(1,	56),
(1,	57),
(1,	58),
(1,	59),
(1,	60),
(1,	61),
(1,	62),
(1,	63),
(1,	64),
(1,	65),
(1,	66),
(1,	67),
(1,	68),
(1,	69),
(1,	70),
(1,	71),
(1,	72),
(1,	73),
(1,	74),
(1,	75),
(1,	76),
(1,	77),
(1,	78),
(1,	79),
(1,	80),
(1,	81),
(1,	82),
(1,	83),
(1,	84),
(1,	85),
(1,	86),
(1,	87),
(1,	88),
(1,	89),
(1,	90),
(1,	91),
(1,	92),
(1,	93),
(1,	94),
(1,	95),
(1,	96),
(1,	97),
(1,	98),
(1,	99),
(1,	100),
(1,	101),
(1,	102),
(1,	103),
(1,	104),
(1,	105),
(1,	106),
(1,	107),
(1,	108),
(1,	109),
(1,	110),
(1,	111),
(1,	112),
(1,	113),
(1,	114),
(1,	115),
(1,	116),
(1,	117),
(1,	118),
(1,	119),
(1,	120),
(1,	121),
(1,	122),
(1,	123),
(1,	124),
(1,	125),
(1,	126),
(1,	127),
(1,	128),
(1,	129),
(1,	130),
(1,	131),
(1,	132),
(1,	133),
(1,	134),
(1,	135),
(1,	136),
(1,	137),
(1,	138),
(1,	139),
(1,	140),
(1,	141),
(1,	142),
(1,	143),
(1,	144),
(1,	145),
(1,	146),
(1,	147),
(1,	148),
(1,	149),
(1,	150),
(1,	151),
(1,	152),
(1,	153),
(1,	154),
(1,	155),
(1,	156),
(1,	157),
(1,	158),
(1,	159),
(1,	160),
(1,	161),
(1,	162),
(1,	163),
(1,	164),
(1,	165),
(1,	166),
(1,	167),
(1,	168),
(1,	169),
(1,	170),
(1,	171),
(1,	172),
(1,	173),
(1,	174),
(1,	175),
(1,	176),
(1,	177),
(1,	178),
(1,	179),
(1,	180),
(1,	181),
(1,	182),
(1,	183),
(1,	184),
(1,	185),
(1,	186),
(1,	187),
(1,	188),
(1,	189),
(1,	190),
(1,	191),
(1,	192),
(1,	193),
(1,	194),
(1,	195),
(1,	196),
(1,	197),
(1,	198),
(1,	199),
(1,	200),
(1,	201),
(1,	202),
(1,	203),
(1,	204),
(1,	205),
(1,	206),
(1,	207),
(1,	208),
(1,	209),
(1,	210),
(1,	211),
(1,	212),
(1,	213),
(1,	214),
(1,	215),
(1,	216),
(1,	217),
(1,	218),
(1,	219),
(1,	220),
(1,	221),
(1,	222),
(1,	223),
(1,	224),
(1,	225),
(1,	226),
(1,	227),
(1,	228),
(1,	229),
(1,	230),
(1,	231),
(1,	232),
(1,	233),
(1,	234),
(1,	235),
(1,	236),
(1,	237),
(1,	238),
(1,	239),
(1,	240),
(1,	241),
(1,	242),
(1,	243),
(1,	244),
(1,	245),
(1,	246),
(1,	247),
(1,	248),
(1,	249),
(1,	250),
(1,	251),
(1,	252),
(1,	253),
(1,	254),
(1,	255),
(1,	256),
(1,	257),
(1,	258),
(1,	259),
(1,	260),
(1,	261),
(1,	262),
(1,	263),
(1,	264),
(1,	265),
(1,	266),
(1,	267),
(1,	268),
(1,	269),
(1,	270),
(1,	271),
(1,	272),
(1,	273),
(1,	274),
(1,	275),
(1,	276),
(1,	277),
(1,	278),
(1,	279),
(1,	280),
(1,	281),
(1,	282),
(1,	283),
(1,	284),
(1,	285),
(1,	286),
(1,	287),
(1,	288),
(1,	289),
(1,	290),
(1,	291),
(1,	292),
(1,	293),
(1,	294),
(1,	295),
(1,	296),
(1,	297),
(1,	298),
(1,	299),
(1,	300),
(1,	301),
(1,	302),
(1,	303),
(1,	304),
(1,	305),
(1,	306),
(1,	307),
(1,	308),
(1,	309),
(1,	310),
(1,	311),
(1,	312),
(1,	313),
(1,	314),
(1,	315),
(1,	316),
(1,	317),
(1,	318),
(1,	319),
(1,	320),
(1,	321),
(1,	322),
(1,	323),
(1,	324),
(1,	325),
(1,	326),
(1,	327),
(1,	328),
(1,	329),
(1,	330),
(1,	331),
(1,	332),
(1,	333),
(1,	334),
(1,	335),
(1,	336),
(1,	337),
(1,	338),
(1,	339),
(1,	340),
(1,	341),
(1,	342),
(1,	343),
(1,	344),
(1,	345),
(1,	346),
(1,	347),
(1,	348),
(1,	349),
(1,	350),
(1,	351),
(1,	352),
(1,	353),
(1,	354),
(1,	355),
(1,	356),
(1,	357),
(1,	358),
(1,	359),
(1,	360),
(1,	361),
(1,	362),
(1,	363),
(1,	364),
(1,	365),
(1,	366),
(1,	367),
(1,	368),
(1,	369),
(1,	370),
(1,	371),
(1,	372),
(1,	373),
(1,	374),
(1,	375),
(1,	376),
(1,	377),
(1,	378),
(1,	379),
(1,	380),
(1,	381),
(1,	382),
(1,	383),
(1,	384),
(1,	385),
(1,	386),
(1,	387),
(1,	388),
(1,	389),
(1,	390),
(1,	391),
(1,	392),
(1,	393),
(1,	394),
(1,	395),
(1,	396),
(1,	397),
(1,	398),
(1,	399),
(1,	400),
(1,	401),
(1,	402),
(1,	403),
(1,	404),
(1,	405),
(1,	406),
(1,	407),
(1,	408),
(1,	409),
(1,	410),
(1,	411),
(1,	412),
(1,	413),
(1,	414),
(1,	415),
(1,	416),
(1,	417),
(1,	418),
(1,	419),
(1,	420),
(1,	421),
(1,	422),
(1,	423),
(1,	424),
(1,	425),
(1,	426),
(1,	427),
(1,	428),
(1,	429),
(1,	430),
(1,	431),
(1,	432),
(1,	433),
(1,	434),
(1,	435),
(1,	436),
(1,	437),
(1,	438),
(1,	439),
(1,	440),
(1,	441),
(1,	442),
(1,	443),
(1,	444),
(1,	445),
(1,	446),
(1,	447),
(1,	448),
(1,	449),
(1,	450),
(1,	451),
(1,	452),
(1,	453),
(1,	454),
(1,	455),
(1,	456),
(1,	457),
(1,	458),
(1,	459),
(1,	460),
(1,	461),
(1,	462),
(1,	463),
(1,	464),
(1,	465),
(1,	466),
(1,	467),
(1,	468),
(1,	469),
(1,	470),
(1,	471),
(1,	472),
(1,	473),
(1,	474),
(1,	475),
(1,	476),
(1,	477),
(1,	478),
(1,	479),
(1,	480),
(1,	481),
(1,	482),
(1,	483),
(1,	484),
(1,	485),
(1,	486),
(1,	487),
(1,	488),
(1,	489),
(1,	490),
(1,	491),
(1,	492),
(1,	493),
(1,	494),
(1,	495),
(1,	496),
(1,	497),
(1,	498),
(1,	499),
(1,	500),
(1,	501),
(1,	502),
(1,	503),
(1,	504),
(1,	505),
(1,	506),
(1,	507),
(1,	508),
(1,	509),
(1,	510),
(1,	511),
(1,	512),
(1,	513),
(1,	514),
(1,	515),
(1,	516),
(1,	517),
(1,	518),
(1,	519),
(1,	520),
(1,	521),
(1,	522),
(1,	523),
(1,	524),
(1,	525),
(1,	526),
(1,	527),
(1,	528),
(1,	529),
(1,	530),
(1,	531),
(1,	532),
(1,	533),
(1,	534),
(1,	535),
(1,	536),
(1,	537),
(1,	538),
(1,	539),
(1,	540),
(1,	541),
(1,	542),
(1,	543),
(1,	544),
(1,	545),
(1,	546),
(1,	547),
(1,	548),
(1,	549),
(1,	550),
(1,	551),
(1,	552),
(1,	553),
(1,	554),
(1,	555),
(1,	556),
(1,	557),
(1,	558),
(1,	559),
(1,	560),
(1,	561),
(1,	562),
(1,	563),
(1,	564),
(1,	565),
(1,	566),
(1,	567),
(1,	568),
(1,	569),
(1,	570),
(1,	571),
(1,	572),
(1,	573),
(1,	574),
(1,	575),
(1,	576),
(1,	577),
(1,	578),
(1,	579),
(1,	580),
(1,	581),
(1,	582),
(1,	583),
(1,	584),
(1,	585),
(1,	586),
(1,	587),
(1,	588),
(1,	589),
(1,	590),
(1,	591),
(1,	592),
(1,	593),
(1,	594),
(1,	595),
(1,	596),
(1,	597),
(1,	598),
(1,	599),
(1,	600),
(1,	601),
(1,	602),
(1,	603),
(1,	604),
(1,	605),
(1,	606),
(1,	607),
(1,	608),
(1,	609),
(1,	610),
(1,	611),
(1,	612),
(1,	613),
(1,	614),
(1,	615),
(1,	616),
(1,	617),
(1,	618),
(1,	619),
(1,	620),
(1,	621),
(1,	622),
(1,	623),
(1,	624),
(1,	625),
(1,	626),
(1,	627),
(1,	628),
(1,	629),
(1,	630),
(1,	631),
(1,	632),
(1,	633),
(1,	634),
(1,	635),
(1,	636),
(1,	637),
(1,	638),
(1,	639),
(1,	640),
(1,	641),
(1,	642),
(1,	643),
(1,	644),
(1,	645),
(1,	646),
(1,	647),
(1,	648),
(1,	649),
(1,	650),
(1,	651),
(1,	652),
(1,	653),
(1,	654),
(1,	655),
(1,	656),
(1,	657),
(1,	658),
(1,	659),
(1,	660),
(1,	661),
(1,	662),
(1,	663),
(1,	664),
(1,	665),
(1,	666),
(1,	667),
(1,	668),
(1,	669),
(1,	670),
(1,	671),
(1,	672),
(1,	673),
(1,	674),
(1,	675),
(1,	676),
(1,	677),
(1,	678),
(1,	679),
(1,	680),
(1,	681),
(1,	682),
(1,	683),
(1,	684),
(1,	685),
(1,	686),
(1,	687),
(1,	688),
(1,	689),
(1,	690),
(1,	691),
(1,	692),
(1,	693),
(1,	694),
(1,	695),
(1,	696),
(1,	697),
(1,	698),
(1,	699),
(1,	700),
(1,	701),
(1,	702),
(1,	703),
(1,	704),
(1,	705),
(1,	706),
(1,	707),
(1,	708),
(1,	709),
(1,	710),
(1,	711),
(1,	712),
(1,	713),
(1,	714),
(1,	715),
(1,	716),
(1,	717),
(1,	718),
(1,	719),
(1,	720),
(1,	721),
(1,	722),
(1,	723),
(1,	724),
(1,	725),
(1,	726),
(1,	727),
(1,	728),
(1,	729),
(1,	730),
(1,	731),
(1,	732),
(1,	733),
(1,	734),
(1,	735),
(1,	736),
(1,	737),
(1,	738),
(1,	739),
(1,	740),
(1,	741),
(1,	742),
(1,	743),
(1,	744),
(1,	745),
(1,	746),
(1,	747),
(1,	748),
(1,	749),
(1,	750),
(1,	751),
(1,	752),
(1,	753),
(1,	754),
(1,	755),
(1,	756),
(1,	757),
(1,	758),
(1,	759),
(1,	760),
(1,	761),
(1,	762),
(1,	763),
(1,	764),
(1,	765),
(1,	766),
(1,	767),
(1,	768),
(1,	769),
(1,	770),
(1,	771),
(1,	772),
(1,	773),
(1,	774),
(1,	775),
(1,	776),
(1,	777),
(1,	778),
(1,	779),
(1,	780),
(1,	781),
(1,	782),
(1,	783),
(1,	784),
(1,	785),
(1,	786),
(1,	787),
(1,	788),
(1,	789),
(1,	790),
(1,	791),
(1,	792),
(1,	793),
(1,	794),
(1,	795),
(1,	796),
(1,	797),
(1,	798),
(1,	799),
(1,	800),
(1,	801),
(1,	802),
(1,	803),
(1,	804),
(1,	805),
(1,	806),
(1,	807),
(1,	808),
(1,	809),
(1,	810),
(1,	811),
(1,	812),
(1,	813),
(1,	814),
(1,	815),
(1,	816),
(1,	817),
(1,	818),
(1,	819),
(1,	820),
(1,	821),
(1,	822),
(1,	823),
(1,	824),
(1,	825),
(1,	826),
(1,	827),
(1,	828),
(1,	829),
(1,	830),
(1,	831),
(1,	832),
(1,	833),
(1,	834),
(1,	835),
(1,	836),
(1,	837),
(1,	838),
(1,	839),
(1,	840),
(1,	841),
(1,	842),
(1,	843),
(1,	844),
(1,	845),
(1,	846),
(1,	847),
(1,	848),
(1,	849),
(1,	850),
(1,	851),
(1,	852),
(1,	853),
(1,	854),
(1,	855),
(1,	856),
(1,	857),
(1,	858),
(1,	859),
(1,	860),
(1,	861),
(1,	862),
(1,	863),
(1,	864),
(1,	865),
(1,	866),
(1,	867),
(1,	868),
(1,	869),
(1,	870),
(1,	871),
(1,	872),
(1,	873),
(1,	874),
(1,	875),
(1,	876),
(1,	877),
(1,	878),
(1,	879),
(1,	880),
(1,	881),
(1,	882),
(1,	883),
(1,	884),
(1,	885),
(1,	886),
(1,	887),
(1,	888),
(1,	889),
(1,	890),
(1,	891),
(1,	892),
(1,	893),
(1,	894),
(1,	895),
(1,	896),
(1,	897),
(1,	898),
(1,	899),
(1,	900),
(1,	901),
(1,	902),
(1,	903),
(1,	904),
(1,	905),
(1,	906),
(1,	907),
(1,	908),
(1,	909),
(1,	910),
(1,	911),
(1,	912),
(1,	913),
(1,	914),
(1,	915),
(1,	916),
(1,	917),
(1,	918),
(1,	919),
(1,	920),
(1,	921),
(1,	922),
(1,	923),
(1,	924),
(1,	925),
(1,	926),
(1,	927),
(1,	928),
(1,	929),
(1,	930),
(1,	931),
(1,	932),
(1,	933),
(1,	934),
(1,	935),
(1,	936),
(1,	937),
(1,	938),
(1,	939),
(1,	940),
(1,	941),
(1,	942),
(1,	943),
(1,	944),
(1,	945),
(1,	946),
(1,	947),
(1,	948),
(1,	949),
(1,	950),
(1,	951),
(1,	952),
(1,	953),
(1,	954),
(1,	955),
(1,	956),
(1,	957),
(1,	958),
(1,	959),
(1,	960),
(1,	961),
(1,	962),
(1,	963),
(1,	964),
(1,	965),
(1,	966),
(1,	967),
(1,	968),
(1,	969),
(1,	970),
(1,	971),
(1,	972),
(1,	973),
(1,	974),
(1,	975),
(1,	976),
(1,	977),
(1,	978),
(1,	979),
(1,	980),
(1,	981),
(1,	982),
(1,	983),
(1,	984),
(1,	985),
(1,	986),
(1,	987),
(1,	988),
(1,	989),
(1,	990),
(1,	991),
(1,	992),
(1,	993),
(1,	994),
(1,	995),
(1,	996),
(1,	997),
(1,	998),
(1,	999),
(1,	1000),
(1,	1001),
(1,	1002),
(1,	1003),
(1,	1004),
(1,	1005),
(1,	1006),
(1,	1007),
(1,	1008),
(1,	1009),
(1,	1010),
(1,	1011),
(1,	1012),
(1,	1013),
(1,	1014),
(1,	1015),
(1,	1016),
(1,	1017),
(1,	1018),
(1,	1019),
(1,	1020),
(1,	1021),
(1,	1022),
(1,	1023),
(1,	1024),
(1,	1025),
(1,	1026),
(1,	1027),
(1,	1028),
(1,	1029),
(1,	1030),
(1,	1031),
(1,	1032),
(1,	1033),
(1,	1034),
(1,	1035),
(1,	1036),
(1,	1037),
(1,	1038),
(1,	1039),
(1,	1040),
(1,	1041),
(1,	1042),
(1,	1043),
(1,	1044),
(1,	1045),
(1,	1046),
(1,	1047),
(1,	1048),
(1,	1049),
(1,	1050),
(1,	1051),
(1,	1052),
(1,	1053),
(1,	1054),
(1,	1055),
(1,	1056),
(1,	1057),
(1,	1058),
(1,	1059),
(1,	1060),
(1,	1061),
(1,	1062),
(1,	1063),
(1,	1064),
(1,	1065),
(1,	1066),
(1,	1067),
(1,	1068),
(1,	1069),
(1,	1070),
(1,	1071),
(1,	1072),
(1,	1073),
(1,	1074),
(1,	1075),
(1,	1076),
(1,	1077),
(1,	1078),
(1,	1079),
(1,	1080),
(1,	1081),
(1,	1082),
(1,	1083),
(1,	1084),
(1,	1085),
(1,	1086),
(1,	1087),
(1,	1088),
(1,	1089),
(1,	1090),
(1,	1091),
(1,	1092),
(1,	1093),
(1,	1094),
(1,	1095),
(1,	1096),
(1,	1097),
(1,	1098),
(1,	1099),
(1,	1100),
(1,	1101),
(1,	1102),
(1,	1103),
(1,	1104),
(1,	1105),
(1,	1106),
(1,	1107),
(1,	1108),
(1,	1109),
(1,	1110),
(1,	1111),
(1,	1112),
(1,	1113),
(1,	1114),
(1,	1115),
(1,	1116),
(1,	1117),
(1,	1118),
(1,	1119),
(1,	1120),
(1,	1121),
(1,	1122),
(1,	1123),
(1,	1124),
(1,	1125),
(1,	1126),
(1,	1127),
(1,	1128),
(1,	1129),
(1,	1130),
(1,	1131),
(1,	1132),
(1,	1133),
(1,	1134),
(1,	1135),
(1,	1136),
(1,	1137),
(1,	1138),
(1,	1139),
(1,	1140),
(1,	1141),
(1,	1142),
(1,	1143),
(1,	1144),
(1,	1145),
(1,	1146),
(1,	1147),
(1,	1148),
(1,	1149),
(1,	1150),
(1,	1151),
(1,	1152),
(1,	1153),
(1,	1154),
(1,	1155),
(1,	1156),
(1,	1157),
(1,	1158),
(1,	1159),
(1,	1160),
(1,	1161),
(1,	1162),
(1,	1163),
(1,	1164),
(1,	1165),
(1,	1166),
(1,	1167),
(1,	1168),
(1,	1169),
(1,	1170),
(1,	1171),
(1,	1172),
(1,	1173),
(1,	1174),
(1,	1175),
(1,	1176),
(1,	1177),
(1,	1178),
(1,	1179),
(1,	1180),
(1,	1181),
(1,	1182),
(1,	1183),
(1,	1184),
(1,	1185),
(1,	1186),
(1,	1187),
(1,	1188),
(1,	1189),
(1,	1190),
(1,	1191),
(1,	1192),
(1,	1193),
(1,	1194),
(1,	1195),
(1,	1196),
(1,	1197),
(1,	1198),
(1,	1199),
(1,	1200),
(1,	1201),
(1,	1202),
(1,	1203),
(1,	1204),
(1,	1205),
(1,	1206),
(1,	1207),
(1,	1208),
(1,	1209),
(1,	1210),
(1,	1211),
(1,	1212),
(1,	1213),
(1,	1214),
(1,	1215),
(1,	1216),
(1,	1217),
(1,	1218),
(1,	1219),
(1,	1220),
(1,	1221),
(1,	1222),
(1,	1223),
(1,	1224),
(1,	1225),
(1,	1226),
(1,	1227),
(1,	1228),
(1,	1229),
(1,	1230),
(1,	1231),
(1,	1232),
(1,	1233),
(1,	1234),
(1,	1235),
(1,	1236),
(1,	1237),
(1,	1238),
(1,	1239),
(1,	1240),
(1,	1241),
(1,	1242),
(1,	1243),
(1,	1244),
(1,	1245),
(1,	1246),
(1,	1247),
(1,	1248),
(1,	1249),
(1,	1250),
(1,	1251),
(1,	1252),
(1,	1253),
(1,	1254),
(1,	1255),
(1,	1256),
(1,	1257),
(1,	1258),
(1,	1259),
(1,	1260),
(1,	1261),
(1,	1262),
(1,	1263),
(1,	1264),
(1,	1265),
(1,	1266),
(1,	1267),
(1,	1268),
(1,	1269),
(1,	1270),
(1,	1271),
(1,	1272),
(1,	1273),
(1,	1274),
(1,	1275),
(1,	1276),
(1,	1277),
(1,	1278),
(1,	1279),
(1,	1280),
(1,	1281),
(1,	1282),
(1,	1283),
(1,	1284),
(1,	1285),
(1,	1286),
(1,	1287),
(1,	1288),
(1,	1289),
(1,	1290),
(1,	1291),
(1,	1292),
(1,	1293),
(1,	1294),
(1,	1295),
(1,	1296),
(1,	1297),
(1,	1298),
(1,	1299),
(1,	1300),
(1,	1301),
(1,	1302),
(1,	1303),
(1,	1304),
(1,	1305),
(1,	1306),
(1,	1307),
(1,	1308),
(1,	1309),
(1,	1310),
(1,	1311),
(1,	1312),
(1,	1313),
(1,	1314),
(1,	1315),
(1,	1316),
(1,	1317),
(1,	1318),
(1,	1319),
(1,	1320),
(1,	1321),
(1,	1322),
(1,	1323),
(1,	1324),
(1,	1325),
(1,	1326),
(1,	1327),
(1,	1328),
(1,	1329),
(1,	1330),
(1,	1331),
(1,	1332),
(1,	1333),
(1,	1334),
(1,	1335),
(1,	1336),
(1,	1337),
(1,	1338),
(1,	1339),
(1,	1340),
(1,	1341),
(1,	1342),
(1,	1343),
(1,	1344),
(1,	1345),
(1,	1346),
(1,	1347),
(1,	1348),
(1,	1349),
(1,	1350),
(1,	1351),
(1,	1352),
(1,	1353),
(1,	1354),
(1,	1355),
(1,	1356),
(1,	1357),
(1,	1358),
(1,	1359),
(1,	1360),
(1,	1361),
(1,	1362),
(1,	1363),
(1,	1364),
(1,	1365),
(1,	1366),
(1,	1367),
(1,	1368),
(1,	1369),
(1,	1370),
(1,	1371),
(1,	1372),
(1,	1373),
(1,	1374),
(1,	1375),
(1,	1376),
(1,	1377),
(1,	1378),
(1,	1379),
(1,	1380),
(1,	1381),
(1,	1382),
(1,	1383),
(1,	1384),
(1,	1385),
(1,	1386),
(1,	1387),
(1,	1388),
(1,	1389),
(1,	1390),
(1,	1391),
(1,	1392),
(1,	1393),
(1,	1394),
(1,	1395),
(1,	1396),
(1,	1397),
(1,	1398),
(1,	1399),
(1,	1400),
(1,	1401),
(1,	1402),
(1,	1403),
(1,	1404),
(1,	1405),
(1,	1406),
(1,	1407),
(1,	1408),
(1,	1409),
(1,	1410),
(1,	1411),
(1,	1412),
(1,	1413),
(1,	1414),
(1,	1415),
(1,	1416),
(1,	1417),
(1,	1418),
(1,	1419),
(1,	1420),
(1,	1421),
(1,	1422),
(1,	1423),
(1,	1424),
(1,	1425),
(1,	1426),
(1,	1427),
(1,	1428),
(1,	1429),
(1,	1430),
(1,	1431),
(1,	1432),
(1,	1433),
(1,	1434),
(1,	1435),
(1,	1436),
(1,	1437),
(1,	1438),
(1,	1439),
(1,	1440),
(1,	1441),
(1,	1442),
(1,	1443),
(1,	1444),
(1,	1445),
(1,	1446),
(1,	1447),
(1,	1448),
(1,	1449),
(1,	1450),
(1,	1451),
(1,	1452),
(1,	1453),
(1,	1454),
(1,	1455),
(1,	1456),
(1,	1457),
(1,	1458),
(1,	1459),
(1,	1460),
(1,	1461),
(1,	1462),
(1,	1463),
(1,	1464),
(1,	1465),
(1,	1466),
(1,	1467),
(1,	1468),
(1,	1469),
(1,	1470),
(1,	1471),
(1,	1472),
(1,	1473),
(1,	1474),
(1,	1475),
(1,	1476),
(1,	1477),
(1,	1478),
(1,	1479),
(1,	1480),
(1,	1481),
(1,	1482),
(1,	1483),
(1,	1484),
(1,	1485),
(1,	1486),
(1,	1487),
(1,	1488),
(1,	1489),
(1,	1490),
(1,	1491),
(1,	1492),
(1,	1493),
(1,	1494),
(1,	1495),
(1,	1496),
(1,	1497),
(1,	1498),
(1,	1499),
(1,	1500),
(1,	1501),
(1,	1502),
(1,	1503),
(1,	1504),
(1,	1505),
(1,	1506),
(1,	1507),
(1,	1508),
(1,	1509),
(1,	1510),
(1,	1511),
(1,	1512),
(1,	1513),
(1,	1514),
(1,	1515),
(1,	1516),
(1,	1517),
(1,	1518),
(1,	1519),
(1,	1520),
(1,	1521),
(1,	1522),
(1,	1523),
(1,	1524),
(1,	1525),
(1,	1526),
(1,	1527),
(1,	1528),
(1,	1529),
(1,	1530),
(1,	1531),
(1,	1532),
(1,	1533),
(1,	1534),
(1,	1535),
(1,	1536),
(1,	1537),
(1,	1538),
(1,	1539),
(1,	1540),
(1,	1541),
(1,	1542),
(1,	1543),
(1,	1544),
(1,	1545),
(1,	1546),
(1,	1547),
(1,	1548),
(1,	1549),
(1,	1550),
(1,	1551),
(1,	1552),
(1,	1553),
(1,	1554),
(1,	1555),
(1,	1556),
(1,	1557),
(1,	1558),
(1,	1559),
(1,	1560),
(1,	1561),
(1,	1562),
(1,	1563),
(1,	1564),
(1,	1565),
(1,	1566),
(1,	1567),
(1,	1568),
(1,	1569),
(1,	1570),
(1,	1571),
(1,	1572),
(1,	1573),
(1,	1574),
(1,	1575),
(1,	1576),
(1,	1577),
(1,	1578),
(1,	1579),
(1,	1580),
(1,	1581),
(1,	1582),
(1,	1583),
(1,	1584),
(1,	1585),
(1,	1586),
(1,	1587),
(1,	1588),
(1,	1589),
(1,	1590),
(1,	1591),
(1,	1592),
(1,	1593),
(1,	1594),
(1,	1595),
(1,	1596),
(1,	1597),
(1,	1598),
(1,	1599),
(1,	1600),
(1,	1601),
(1,	1602),
(1,	1603),
(1,	1604),
(1,	1605),
(1,	1606),
(1,	1607),
(1,	1608),
(1,	1609),
(1,	1610),
(1,	1611),
(1,	1612),
(1,	1613),
(1,	1614),
(1,	1615),
(1,	1616),
(1,	1617),
(1,	1618),
(1,	1619),
(1,	1620),
(1,	1621),
(1,	1622),
(1,	1623),
(1,	1624),
(1,	1625),
(1,	1626),
(1,	1627),
(1,	1628),
(1,	1629),
(1,	1630),
(1,	1631),
(1,	1632),
(1,	1633),
(1,	1634),
(1,	1635),
(1,	1636),
(1,	1637),
(1,	1638),
(1,	1639),
(1,	1640),
(1,	1641),
(1,	1642),
(1,	1643),
(1,	1644),
(1,	1645),
(1,	1646),
(1,	1647),
(1,	1648),
(1,	1649),
(1,	1650),
(1,	1651),
(1,	1652),
(1,	1653),
(1,	1654),
(1,	1655),
(1,	1656),
(1,	1657),
(1,	1658),
(1,	1659),
(1,	1660),
(1,	1661),
(1,	1662),
(1,	1663),
(1,	1664),
(1,	1665),
(1,	1666),
(1,	1667),
(1,	1668),
(1,	1669),
(1,	1670),
(1,	1671),
(1,	1672),
(1,	1673),
(1,	1674),
(1,	1675),
(1,	1676),
(1,	1677),
(1,	1678),
(1,	1679),
(1,	1680),
(1,	1681),
(1,	1682),
(1,	1683),
(1,	1684),
(1,	1685),
(1,	1686),
(1,	1687),
(1,	1688),
(1,	1689),
(1,	1690),
(1,	1691),
(1,	1692),
(1,	1693),
(1,	1694),
(1,	1695),
(1,	1696),
(1,	1697),
(1,	1698),
(1,	1699),
(1,	1700),
(1,	1701),
(1,	1702),
(1,	1703),
(1,	1704),
(1,	1705),
(1,	1706),
(1,	1707),
(1,	1708),
(1,	1709),
(1,	1710),
(1,	1711),
(1,	1712),
(1,	1713),
(1,	1714),
(1,	1715),
(1,	1716),
(1,	1717),
(1,	1718),
(1,	1719),
(1,	1720),
(1,	1721),
(1,	1722),
(1,	1723),
(1,	1724),
(1,	1725),
(1,	1726),
(1,	1727),
(1,	1728),
(1,	1729),
(1,	1730),
(1,	1731),
(1,	1732),
(1,	1733),
(1,	1734),
(1,	1735),
(1,	1736),
(1,	1737),
(1,	1738),
(1,	1739),
(1,	1740),
(1,	1741),
(1,	1742),
(1,	1743),
(1,	1744),
(1,	1745),
(1,	1746),
(1,	1747),
(1,	1748),
(1,	1749),
(1,	1750),
(1,	1751),
(1,	1752),
(1,	1753),
(1,	1754),
(1,	1755),
(1,	1756),
(1,	1757),
(1,	1758),
(1,	1759),
(1,	1760),
(1,	1761),
(1,	1762),
(1,	1763),
(1,	1764),
(1,	1765),
(1,	1766),
(1,	1767),
(1,	1768),
(1,	1769),
(1,	1770),
(1,	1771),
(1,	1772),
(1,	1773),
(1,	1774),
(1,	1775),
(1,	1776),
(1,	1777),
(1,	1778),
(1,	1779),
(1,	1780),
(1,	1781),
(1,	1782),
(1,	1783),
(1,	1784),
(1,	1785),
(1,	1786),
(1,	1787),
(1,	1788),
(1,	1789),
(1,	1790),
(1,	1791),
(1,	1792),
(1,	1793),
(1,	1794),
(1,	1795),
(1,	1796),
(1,	1797),
(1,	1798),
(1,	1799),
(1,	1800),
(1,	1801),
(1,	1802),
(1,	1803),
(1,	1804),
(1,	1805),
(1,	1806),
(1,	1807),
(1,	1808),
(1,	1809),
(1,	1810),
(1,	1811),
(1,	1812),
(1,	1813),
(1,	1814),
(1,	1815),
(1,	1816),
(1,	1817),
(1,	1818),
(1,	1819),
(1,	1820),
(1,	1821),
(1,	1822),
(1,	1823),
(1,	1824),
(1,	1825),
(1,	1826),
(1,	1827),
(1,	1828),
(1,	1829),
(1,	1830),
(1,	1831),
(1,	1832),
(1,	1833),
(1,	1834),
(1,	1835),
(1,	1836),
(1,	1837),
(1,	1838),
(1,	1839),
(1,	1840),
(1,	1841),
(1,	1842),
(1,	1843),
(1,	1844),
(1,	1845),
(1,	1846),
(1,	1847),
(1,	1848),
(1,	1849),
(1,	1850),
(1,	1851),
(1,	1852),
(1,	1853),
(1,	1854),
(1,	1855),
(1,	1856),
(1,	1857),
(1,	1858),
(1,	1859),
(1,	1860),
(1,	1861),
(1,	1862),
(1,	1863),
(1,	1864),
(1,	1865),
(1,	1866),
(1,	1867),
(1,	1868),
(1,	1869),
(1,	1870),
(1,	1871),
(1,	1872),
(1,	1873),
(1,	1874),
(1,	1875),
(1,	1876),
(1,	1877),
(1,	1878),
(1,	1879),
(1,	1880),
(1,	1881),
(1,	1882),
(1,	1883),
(1,	1884),
(1,	1885),
(1,	1886),
(1,	1887),
(1,	1888),
(1,	1889),
(1,	1890),
(1,	1891),
(1,	1892),
(1,	1893),
(1,	1894),
(1,	1895),
(1,	1896),
(1,	1897),
(1,	1898),
(1,	1899),
(1,	1900),
(1,	1901),
(1,	1902),
(1,	1903),
(1,	1904),
(1,	1905),
(1,	1906),
(1,	1907),
(1,	1908),
(1,	1909),
(1,	1910),
(1,	1911),
(1,	1912),
(1,	1913),
(1,	1914),
(1,	1915),
(1,	1916),
(1,	1917),
(1,	1918),
(1,	1919),
(1,	1920),
(1,	1921),
(1,	1922),
(1,	1923),
(1,	1924),
(1,	1925),
(1,	1926),
(1,	1927),
(1,	1928),
(1,	1929),
(1,	1930),
(1,	1931),
(1,	1932),
(1,	1933),
(1,	1934),
(1,	1935),
(1,	1936),
(1,	1937),
(1,	1938),
(1,	1939),
(1,	1940),
(1,	1941),
(1,	1942),
(1,	1943),
(1,	1944),
(1,	1945),
(1,	1946),
(1,	1947),
(1,	1948),
(1,	1949),
(1,	1950),
(1,	1951),
(1,	1952),
(1,	1953),
(1,	1954),
(1,	1955),
(1,	1956),
(1,	1957),
(1,	1958),
(1,	1959),
(1,	1960),
(1,	1961),
(1,	1962),
(1,	1963),
(1,	1964),
(1,	1965),
(1,	1966),
(1,	1967),
(1,	1968),
(1,	1969),
(1,	1970),
(1,	1971),
(1,	1972),
(1,	1973),
(1,	1974),
(1,	1975),
(1,	1976),
(1,	1977),
(1,	1978),
(1,	1979),
(1,	1980),
(1,	1981),
(1,	1982),
(1,	1983),
(1,	1984),
(1,	1985),
(1,	1986),
(1,	1987),
(1,	1988),
(1,	1989),
(1,	1990),
(1,	1991),
(1,	1992),
(1,	1993),
(1,	1994),
(1,	1995),
(1,	1996),
(1,	1997),
(1,	1998),
(1,	1999),
(1,	2000),
(1,	2001),
(1,	2002),
(1,	2003),
(1,	2004),
(1,	2005),
(1,	2006),
(1,	2007),
(1,	2008),
(1,	2009),
(1,	2010),
(1,	2011),
(1,	2012),
(1,	2013),
(1,	2014),
(1,	2015),
(1,	2016),
(1,	2017),
(1,	2018),
(1,	2019),
(1,	2020),
(1,	2021),
(1,	2022),
(1,	2023),
(1,	2024),
(1,	2025),
(1,	2026),
(1,	2027),
(1,	2028),
(1,	2029),
(1,	2030),
(1,	2031),
(1,	2032),
(1,	2033),
(1,	2034),
(1,	2035),
(1,	2036),
(1,	2037),
(1,	2038),
(1,	2039),
(1,	2040),
(1,	2041),
(1,	2042),
(1,	2043),
(1,	2044),
(1,	2045),
(1,	2046),
(1,	2047),
(1,	2048),
(1,	2049),
(1,	2050),
(1,	2051),
(1,	2052),
(1,	2053),
(1,	2054),
(1,	2055),
(1,	2056),
(1,	2057),
(1,	2058),
(1,	2059),
(1,	2060),
(1,	2061),
(1,	2062),
(1,	2063),
(1,	2064),
(1,	2065),
(1,	2066),
(1,	2067),
(1,	2068),
(1,	2069),
(1,	2070),
(1,	2071),
(1,	2072),
(1,	2073),
(1,	2074),
(1,	2075),
(1,	2076),
(1,	2077),
(1,	2078),
(1,	2079),
(1,	2080),
(1,	2081),
(1,	2082),
(1,	2083),
(1,	2084),
(1,	2085),
(1,	2086),
(1,	2087),
(1,	2088),
(1,	2089),
(1,	2090),
(1,	2091),
(1,	2092),
(1,	2093),
(1,	2094),
(1,	2095),
(1,	2096),
(1,	2097),
(1,	2098),
(1,	2099),
(1,	2100),
(1,	2101),
(1,	2102),
(1,	2103),
(1,	2104),
(1,	2105),
(1,	2106),
(1,	2107),
(1,	2108),
(1,	2109),
(1,	2110),
(1,	2111),
(1,	2112),
(1,	2113),
(1,	2114),
(1,	2115),
(1,	2116),
(1,	2117),
(1,	2118),
(1,	2119),
(1,	2120),
(1,	2121),
(1,	2122),
(1,	2123),
(1,	2124),
(1,	2125),
(1,	2126),
(1,	2127),
(1,	2128),
(1,	2129),
(1,	2130),
(1,	2131),
(1,	2132),
(1,	2133),
(1,	2134),
(1,	2135),
(1,	2136),
(1,	2137),
(1,	2138),
(1,	2139),
(1,	2140),
(1,	2141),
(1,	2142),
(1,	2143),
(1,	2144),
(1,	2145),
(1,	2146),
(1,	2147),
(1,	2148),
(1,	2149),
(1,	2150),
(1,	2151),
(1,	2152),
(1,	2153),
(1,	2154),
(1,	2155),
(1,	2156),
(1,	2157),
(1,	2158),
(1,	2159),
(1,	2160),
(1,	2161),
(1,	2162),
(1,	2163),
(1,	2164),
(1,	2165),
(1,	2166),
(1,	2167),
(1,	2168),
(1,	2169),
(1,	2170),
(1,	2171),
(1,	2172),
(1,	2173),
(1,	2174),
(1,	2175),
(1,	2176),
(1,	2177),
(1,	2178),
(1,	2179),
(1,	2180),
(1,	2181),
(1,	2182),
(1,	2183),
(1,	2184),
(1,	2185),
(1,	2186),
(1,	2187),
(1,	2188),
(1,	2189),
(1,	2190),
(1,	2191),
(1,	2192),
(1,	2193),
(1,	2194),
(1,	2195),
(1,	2196),
(1,	2197),
(1,	2198),
(1,	2199),
(1,	2200),
(1,	2201),
(1,	2202),
(1,	2203),
(1,	2204),
(1,	2205),
(1,	2206),
(1,	2207),
(1,	2208),
(1,	2209),
(1,	2210),
(1,	2211),
(1,	2212),
(1,	2213),
(1,	2214),
(1,	2215),
(1,	2216),
(1,	2217),
(1,	2218),
(1,	2219),
(1,	2220),
(1,	2221),
(1,	2222),
(1,	2223),
(1,	2224),
(1,	2225),
(1,	2226),
(1,	2227),
(1,	2228),
(1,	2229),
(1,	2230),
(1,	2231),
(1,	2232),
(1,	2233),
(1,	2234),
(1,	2235),
(1,	2236),
(1,	2237),
(1,	2238),
(1,	2239),
(1,	2240),
(1,	2241),
(1,	2242),
(1,	2243),
(1,	2244),
(1,	2245),
(1,	2246),
(1,	2247),
(1,	2248),
(1,	2249),
(1,	2250),
(1,	2251),
(1,	2252),
(1,	2253),
(1,	2254),
(1,	2255),
(1,	2256),
(1,	2257),
(1,	2258),
(1,	2259),
(1,	2260),
(1,	2261),
(1,	2262),
(1,	2263),
(1,	2264),
(1,	2265),
(1,	2266),
(1,	2267),
(1,	2268),
(1,	2269),
(1,	2270),
(1,	2271),
(1,	2272),
(1,	2273),
(1,	2274),
(1,	2275),
(1,	2276),
(1,	2277),
(1,	2278),
(1,	2279),
(1,	2280),
(1,	2281),
(1,	2282),
(1,	2283),
(1,	2284),
(1,	2285),
(1,	2286),
(1,	2287),
(1,	2288),
(1,	2289),
(1,	2290),
(1,	2291),
(1,	2292),
(1,	2293),
(1,	2294),
(1,	2295),
(1,	2296),
(1,	2297),
(1,	2298),
(1,	2299),
(1,	2300),
(1,	2301),
(1,	2302),
(1,	2303),
(1,	2304),
(1,	2305),
(1,	2306),
(1,	2307),
(1,	2308),
(1,	2309),
(1,	2310),
(1,	2311),
(1,	2312),
(1,	2313),
(1,	2314),
(1,	2315),
(1,	2316),
(1,	2317),
(1,	2318),
(1,	2319),
(1,	2320),
(1,	2321),
(1,	2322),
(1,	2323),
(1,	2324),
(1,	2325),
(1,	2326),
(1,	2327),
(1,	2328),
(1,	2329),
(1,	2330),
(1,	2331),
(1,	2332),
(1,	2333),
(1,	2334),
(1,	2335),
(1,	2336),
(1,	2337),
(1,	2338),
(1,	2339),
(1,	2340),
(1,	2341),
(1,	2342),
(1,	2343),
(1,	2344),
(1,	2345),
(1,	2346),
(1,	2347),
(1,	2348),
(1,	2349),
(1,	2350),
(1,	2351),
(1,	2352),
(1,	2353),
(1,	2354),
(1,	2355),
(1,	2356),
(1,	2357),
(1,	2358),
(1,	2359),
(1,	2360),
(1,	2361),
(1,	2362),
(1,	2363),
(1,	2364),
(1,	2365),
(1,	2366),
(1,	2367),
(1,	2368),
(1,	2369),
(1,	2370),
(1,	2371),
(1,	2372),
(1,	2373),
(1,	2374),
(1,	2375),
(1,	2376),
(1,	2377),
(1,	2378),
(1,	2379),
(1,	2380),
(1,	2381),
(1,	2382),
(1,	2383),
(1,	2384),
(1,	2385),
(1,	2386),
(1,	2387),
(1,	2388),
(1,	2389),
(1,	2390),
(1,	2391),
(1,	2392),
(1,	2393),
(1,	2394),
(1,	2395),
(1,	2396),
(1,	2397),
(1,	2398),
(1,	2399),
(1,	2400),
(1,	2401),
(1,	2402),
(1,	2403),
(1,	2404),
(1,	2405),
(1,	2406),
(1,	2407),
(1,	2408),
(1,	2409),
(1,	2410),
(1,	2411),
(1,	2412),
(1,	2413),
(1,	2414),
(1,	2415),
(1,	2416),
(1,	2417),
(1,	2418),
(1,	2419),
(1,	2420),
(1,	2421),
(1,	2422),
(1,	2423),
(1,	2424),
(1,	2425),
(1,	2426),
(1,	2427),
(1,	2428),
(1,	2429),
(1,	2430),
(1,	2431),
(1,	2432),
(1,	2433),
(1,	2434),
(1,	2435),
(1,	2436),
(1,	2437),
(1,	2438),
(1,	2439),
(1,	2440),
(1,	2441),
(1,	2442),
(1,	2443),
(1,	2444),
(1,	2445),
(1,	2446),
(1,	2447),
(1,	2448),
(1,	2449),
(1,	2450),
(1,	2451),
(1,	2452),
(1,	2453),
(1,	2454),
(1,	2455),
(1,	2456),
(1,	2457),
(1,	2458),
(1,	2459),
(1,	2460),
(1,	2461),
(1,	2462),
(1,	2463),
(1,	2464),
(1,	2465),
(1,	2466),
(1,	2467),
(1,	2468),
(1,	2469),
(1,	2470),
(1,	2471),
(1,	2472),
(1,	2473),
(1,	2474),
(1,	2475),
(1,	2476),
(1,	2477),
(1,	2478),
(1,	2479),
(1,	2480),
(1,	2481),
(1,	2482),
(1,	2483),
(1,	2484),
(1,	2485),
(1,	2486),
(1,	2487),
(1,	2488),
(1,	2489),
(1,	2490),
(1,	2491),
(1,	2492),
(1,	2493),
(1,	2494),
(1,	2495),
(1,	2496),
(1,	2497),
(1,	2498),
(1,	2499),
(1,	2500),
(1,	2501),
(1,	2502),
(1,	2503),
(1,	2504),
(1,	2505),
(1,	2506),
(1,	2507),
(1,	2508),
(1,	2509),
(1,	2510),
(1,	2511),
(1,	2512),
(1,	2513),
(1,	2514),
(1,	2515),
(1,	2516),
(1,	2517),
(1,	2518),
(1,	2519),
(1,	2520),
(1,	2521),
(1,	2522),
(1,	2523),
(1,	2524),
(1,	2525),
(1,	2526),
(1,	2527),
(1,	2528),
(1,	2529),
(1,	2530),
(1,	2531),
(1,	2532),
(1,	2533),
(1,	2534),
(1,	2535),
(1,	2536),
(1,	2537),
(1,	2538),
(1,	2539),
(1,	2540),
(1,	2541),
(1,	2542),
(1,	2543),
(1,	2544),
(1,	2545),
(1,	2546),
(1,	2547),
(1,	2548),
(1,	2549),
(1,	2550),
(1,	2551),
(1,	2552),
(1,	2553),
(1,	2554),
(1,	2555),
(1,	2556),
(1,	2557),
(1,	2558),
(1,	2559),
(1,	2560),
(1,	2561),
(1,	2562),
(1,	2563),
(1,	2564),
(1,	2565),
(1,	2566),
(1,	2567),
(1,	2568),
(1,	2569),
(1,	2570),
(1,	2571),
(1,	2572),
(1,	2573),
(1,	2574),
(1,	2575),
(1,	2576),
(1,	2577),
(1,	2578),
(1,	2579),
(1,	2580),
(1,	2581),
(1,	2582),
(1,	2583),
(1,	2584),
(1,	2585),
(1,	2586),
(1,	2587),
(1,	2588),
(1,	2589),
(1,	2590),
(1,	2591),
(1,	2592),
(1,	2593),
(1,	2594),
(1,	2595),
(1,	2596);

DROP TABLE IF EXISTS `score`;
CREATE TABLE `score` (
  `user_id` int(10) unsigned NOT NULL DEFAULT '0',
  `date` datetime NOT NULL DEFAULT '0000-00-00 00:00:00',
  `id` int(10) unsigned NOT NULL AUTO_INCREMENT,
  `valid` tinyint(1) unsigned NOT NULL DEFAULT '1',
  PRIMARY KEY (`id`),
  KEY `FK_score_1` (`user_id`),
  CONSTRAINT `FK_score_1` FOREIGN KEY (`user_id`) REFERENCES `users` (`id`)
) ENGINE=InnoDB AUTO_INCREMENT=4 DEFAULT CHARSET=latin1;

INSERT INTO `score` (`user_id`, `date`, `id`, `valid`) VALUES
(1,	'2013-03-25 10:28:43',	1,	1);

DROP TABLE IF EXISTS `token`;
CREATE TABLE `token` (
  `id` int(10) unsigned NOT NULL AUTO_INCREMENT,
  `token` varchar(45) NOT NULL DEFAULT '',
  `user_id` int(10) unsigned NOT NULL DEFAULT '0',
  `generated` datetime NOT NULL DEFAULT '0000-00-00 00:00:00',
  `last_used` datetime NOT NULL DEFAULT '0000-00-00 00:00:00',
  PRIMARY KEY (`id`),
  KEY `FK_user_token` (`user_id`),
  CONSTRAINT `FK_user_token` FOREIGN KEY (`user_id`) REFERENCES `users` (`id`)
) ENGINE=InnoDB AUTO_INCREMENT=19 DEFAULT CHARSET=latin1;


DROP TABLE IF EXISTS `users`;
CREATE TABLE `users` (
  `id` int(10) unsigned NOT NULL AUTO_INCREMENT,
  `name` varchar(45) NOT NULL DEFAULT '',
  `password` varchar(45) DEFAULT NULL,
  `active` tinyint(1) NOT NULL DEFAULT '0',
  `role` int(11) NOT NULL DEFAULT '0',
  PRIMARY KEY (`id`)
) ENGINE=InnoDB AUTO_INCREMENT=14 DEFAULT CHARSET=latin1;

INSERT INTO `users` (`id`, `name`, `password`, `active`, `role`) VALUES
(1,	'admin',	'e10adc3949ba59abbe56e057f20f883e',	1,	1),
(2,	'user',	NULL,	0,	0);

-- 2013-03-26 22:02:03
